Advertiser Name,Impression share,Impression share (Comparison),Outranking share,Outranking share (Comparison),Overlap rate,Overlap rate (Comparison),Top of page rate,Top of page rate (Comparison),Position above rate,Position above rate (Comparison)
You,< 10%,< 10%,No data,No data,No data,No data,55.56%,55.56%,No data,No data
fiverr.com,< 10%,< 10%,5.04%,5.04%,22.22%,22.22%,85.71%,85.71%,100.00%,100.00%
designpickle.com,< 10%,< 10%,5.76%,5.76%,11.11%,11.11%,50.00%,50.00%,100.00%,100.00%
upwork.com,< 10%,< 10%,5.04%,5.04%,33.33%,33.33%,69.23%,69.23%,66.67%,66.67%
