Word,Cost,Clicks,Impressions,Conversions,Top Containing Queries
near me,$0.00,0,3,0.00,"(video duplication service near me, video conversion near me)"
video,$0.00,0,3,0.00,"(video duplication service near me, video conversion near me)"
film,$0.00,0,2,0.00,"(film editor, kansas city film production companies)"
duplication,$0.00,0,2,0.00,(video duplication service near me)
service,$0.00,0,2,0.00,(video duplication service near me)
editor,$0.00,0,1,0.00,(film editor)
city,$0.00,0,1,0.00,(kansas city film production companies)
production,$0.00,0,1,0.00,(kansas city film production companies)
kansas,$0.00,0,1,0.00,(kansas city film production companies)
ots,$0.00,0,1,0.00,(otis productions ots)
companies,$0.00,0,1,0.00,(kansas city film production companies)
av,$0.00,0,1,0.00,(encore av)
otis,$0.00,0,1,0.00,(otis productions ots)
productions,$0.00,0,1,0.00,(otis productions ots)
encore,$0.00,0,1,0.00,(encore av)
conversion,$0.00,0,1,0.00,(video conversion near me)
