Advertiser Name,Impression share,Impression share (Comparison),Outranking share,Outranking share (Comparison),Overlap rate,Overlap rate (Comparison),Top of page rate,Top of page rate (Comparison),Position above rate,Position above rate (Comparison)
You,< 10%,< 10%,No data,No data,No data,No data,50.00%,50.00%,No data,No data
quickenfilms.com,19.23%,19.23%,7.69%,7.69%,0.00%,0.00%,100.00%,100.00%,0.00%,0.00%
lemonlight.com,< 10%,< 10%,7.69%,7.69%,0.00%,0.00%,100.00%,100.00%,0.00%,0.00%
cvpproductions.com,< 10%,< 10%,7.69%,7.69%,0.00%,0.00%,100.00%,100.00%,0.00%,0.00%
paddock.com,< 10%,< 10%,7.69%,7.69%,0.00%,0.00%,0.00%,0.00%,0.00%,0.00%
