Ad Group Name,Ad Group Status,Campaign Status,Cost,Clicks,CTR
Kansas City Video Production,Enabled,Enabled,$9.47,13,1.30%
Video Agency,Enabled,Enabled,$6.32,1,4.76%
Video Production Company,Enabled,Enabled,$2.17,2,1.12%
Film & Video Production Company,Enabled,Enabled,$2.06,1,14.29%
Video Marketing Company,Enabled,Enabled,$1.66,1,20.00%
Live Streaming Production Company,Enabled,Enabled,$1.13,1,0.53%
Best Video Production Company,Enabled,Enabled,$1.08,1,100.00%
PPC Search Exact - dynamic ad group,Enabled,Enabled,$0.01,1,100.00%
Misc Video Production Company,Enabled,Enabled,$0.00,0,0.00%
Corporate Video Production Company,Enabled,Enabled,$0.00,0,0.00%
Corporate Video Production,Enabled,Enabled,$0.00,0,0.00%
Corporate Video Production House,Enabled,Enabled,$0.00,0,0.00%
Corporate Video Production Services,Enabled,Enabled,$0.00,0,0.00%
Training Video Production Company,Enabled,Enabled,$0.00,0,0.00%
Product Video Production Company,Enabled,Enabled,$0.00,0,0.00%
Explainer Video Production Company,Enabled,Enabled,$0.00,0,0.00%
Advertising Video Production Company,Enabled,Enabled,$0.00,0,0.00%
Creative Video Production Company,Enabled,Enabled,$0.00,0,0.00%
Online Video Production Company,Enabled,Enabled,$0.00,0,0.00%
Commercial Video Production Company,Enabled,Enabled,$0.00,0,0.00%
Post Production,Enabled,Enabled,$0.00,0,0.00%
Video Post Production,Enabled,Enabled,$0.00,0,0.00%
Video Editing Company,Enabled,Enabled,$0.00,0,0.00%
Video Editing Service,Enabled,Enabled,$0.00,0,0.00%
Video Editing Service Misc.,Enabled,Enabled,$0.00,0,0.00%
Film Editing Company,Enabled,Enabled,$0.00,0,0.00%
Corporate Videographer,Enabled,Enabled,$0.00,0,0.00%
Corporate Video Company,Enabled,Enabled,$0.00,0,0.00%
Corporate Video Agency,Enabled,Enabled,$0.00,0,0.00%
Corporate Filming,Enabled,Enabled,$0.00,0,0.00%
Explainer Video Company,Enabled,Enabled,$0.00,0,0.00%
Brand Video,Enabled,Enabled,$0.00,0,0.00%
Marketing Video Company,Enabled,Enabled,$0.00,0,0.00%
Video Company,Enabled,Enabled,$0.00,0,0.00%
Video Companies,Enabled,Enabled,$0.00,0,0.00%
Radio Commercial Services,Enabled,Enabled,$0.00,0,0.00%
TV Commercial,Enabled,Enabled,$0.00,0,0.00%
Live Streaming Company,Enabled,Enabled,$0.00,0,0.00%
Corporate Video Streaming,Enabled,Enabled,$0.00,0,0.00%
Webcasting Services,Enabled,Enabled,$0.00,0,0.00%
Webcasting Company,Enabled,Enabled,$0.00,0,0.00%
Webcasting Streaming,Enabled,Enabled,$0.00,0,0.00%
Webcasting Misc.,Enabled,Enabled,$0.00,0,0.00%
Event Webcasting,Enabled,Enabled,$0.00,0,0.00%
Broadcast Truck,Enabled,Enabled,$0.00,0,0.00%
Motion Graphics Company,Enabled,Enabled,$0.00,0,0.00%
Motion Graphics Designer,Enabled,Enabled,$0.00,0,0.00%
Motion Graphics Online,Enabled,Enabled,$0.00,0,0.00%
Motion Graphics Services,Enabled,Enabled,$0.00,0,0.00%
Motion Graphics Studio,Enabled,Enabled,$0.00,0,0.00%
