Advertiser Name,Impression share,Impression share (Comparison),Outranking share,Outranking share (Comparison),Overlap rate,Overlap rate (Comparison),Top of page rate,Top of page rate (Comparison),Position above rate,Position above rate (Comparison)
You,< 10%,< 10%,No data,No data,No data,No data,61.11%,61.11%,No data,No data
designpickle.com,< 10%,< 10%,8.29%,8.29%,0.00%,0.00%,71.43%,71.43%,0.00%,0.00%
blumevideo.com,< 10%,< 10%,7.83%,7.83%,16.67%,16.67%,100.00%,100.00%,33.33%,33.33%
thumbtack.com,< 10%,< 10%,8.29%,8.29%,5.56%,5.56%,100.00%,100.00%,0.00%,0.00%
