Word,Cost,Clicks,Impressions,Conversions,Top Containing Queries
city,$0.00,0,3,0.00,(videographer kansas city)
videographer,$0.00,0,3,0.00,(videographer kansas city)
kansas,$0.00,0,3,0.00,(videographer kansas city)
production,$0.00,0,2,0.00,"(loud production group, video production companies near me)"
productions,$0.00,0,2,0.00,"(boom town productions, call it magic productions)"
admanmedia,$0.00,0,2,0.00,"(admanmedia, admanmedia com)"
com,$0.00,0,1,0.00,(admanmedia com)
magic,$0.00,0,1,0.00,(call it magic productions)
boom,$0.00,0,1,0.00,(boom town productions)
do,$0.00,0,1,0.00,(how do you make a live stream)
video,$0.00,0,1,0.00,(video production companies near me)
how,$0.00,0,1,0.00,(how do you make a live stream)
companies,$0.00,0,1,0.00,(video production companies near me)
stream,$0.00,0,1,0.00,(how do you make a live stream)
me,$0.00,0,1,0.00,(video production companies near me)
worldwide,$0.01,1,1,0.00,(outpost worldwide)
near,$0.00,0,1,0.00,(video production companies near me)
make,$0.00,0,1,0.00,(how do you make a live stream)
you,$0.00,0,1,0.00,(how do you make a live stream)
live,$0.00,0,1,0.00,(how do you make a live stream)
group,$0.00,0,1,0.00,(loud production group)
loud,$0.00,0,1,0.00,(loud production group)
a,$0.00,0,1,0.00,(how do you make a live stream)
town,$0.00,0,1,0.00,(boom town productions)
it,$0.00,0,1,0.00,(call it magic productions)
call,$0.00,0,1,0.00,(call it magic productions)
outpost,$0.01,1,1,0.00,(outpost worldwide)
