Advertiser Name,Impression share,Impression share (Comparison),Outranking share,Outranking share (Comparison),Overlap rate,Overlap rate (Comparison),Top of page rate,Top of page rate (Comparison),Position above rate,Position above rate (Comparison)
You,12.00%,12.00%,No data,No data,No data,No data,66.67%,66.67%,No data,No data
bark.com,16.00%,16.00%,8.00%,8.00%,33.33%,33.33%,75.00%,75.00%,100.00%,100.00%
doublejump.media,20.00%,20.00%,8.00%,8.00%,33.33%,33.33%,100.00%,100.00%,100.00%,100.00%
upwork.com,12.00%,12.00%,12.00%,12.00%,0.00%,0.00%,100.00%,100.00%,0.00%,0.00%
realmediakc.com,< 10%,< 10%,12.00%,12.00%,0.00%,0.00%,100.00%,100.00%,0.00%,0.00%
thumbtack.com,12.00%,12.00%,8.00%,8.00%,33.33%,33.33%,66.67%,66.67%,100.00%,100.00%
peerspace.com,< 10%,< 10%,12.00%,12.00%,0.00%,0.00%,100.00%,100.00%,0.00%,0.00%
stndigital.com,12.00%,12.00%,12.00%,12.00%,0.00%,0.00%,100.00%,100.00%,0.00%,0.00%
studiolewis.video,12.00%,12.00%,12.00%,12.00%,0.00%,0.00%,100.00%,100.00%,0.00%,0.00%
