Word,Cost,Clicks,Impressions,Conversions,Top Containing Queries
production,$0.00,0,16,0.00,"(production companies near me, boardwalk pictures production company, female production companies)"
companies,$0.00,0,14,0.00,"(production companies near me, entertainment companies near me, female production companies)"
near me,$0.00,0,13,0.00,"(production companies near me, entertainment companies near me, video transfer services near me)"
kansas city,$0.00,0,11,0.00,"(kansas city videographer, videographer kansas city, kansas city film production companies)"
videographer,$0.00,0,10,0.00,"(kansas city videographer, videographer kansas city, videographer)"
video,$0.00,0,4,0.00,"(video editing, video transfer services near me)"
company,$0.00,0,4,0.00,"(sound company, boardwalk pictures production company, music production company)"
marketing,$0.00,0,4,0.00,"(dream team marketing, next level marketing, prime 9 marketing)"
film,$0.00,0,3,0.00,"(g unit film & television, kansas city film production companies)"
media,$0.00,0,3,0.00,"(msg media, now media, o keefe media group)"
editing,$0.00,0,3,0.00,(video editing)
sound,$0.00,0,2,0.00,(sound company)
group,$0.00,0,2,0.00,"(loud production group, o keefe media group)"
studios,$0.00,0,2,0.00,"(cypher studios, soona studios)"
&,$0.00,0,2,0.00,(g unit film & television)
unit,$0.00,0,2,0.00,(g unit film & television)
prime 9,$0.00,0,2,0.00,"(prime 9 marketing, prime 9 marketing reviews)"
television,$0.00,0,2,0.00,(g unit film & television)
g,$0.00,0,2,0.00,(g unit film & television)
productions,$0.00,0,2,0.00,"(arise productions, rsvp productions)"
msg,$0.00,0,1,0.00,(msg media)
movie,$0.00,0,1,0.00,(producers looking for movie ideas)
rsvp,$0.00,0,1,0.00,(rsvp productions)
soona,$0.00,0,1,0.00,(soona studios)
music,$0.00,0,1,0.00,(music production company)
reviews,$0.00,0,1,0.00,(prime 9 marketing reviews)
female,$0.00,0,1,0.00,(female production companies)
level,$0.00,0,1,0.00,(next level marketing)
arise,$0.00,0,1,0.00,(arise productions)
liveu,$0.00,0,1,0.00,(liveu solo)
ideas,$0.00,0,1,0.00,(producers looking for movie ideas)
transfer,$0.00,0,1,0.00,(video transfer services near me)
dream,$0.00,0,1,0.00,(dream team marketing)
looking,$0.00,0,1,0.00,(producers looking for movie ideas)
next,$0.00,0,1,0.00,(next level marketing)
livestreaming,$12.34,1,1,0.00,(livestreaming)
entertainment,$0.00,0,1,0.00,(entertainment companies near me)
for,$0.00,0,1,0.00,(producers looking for movie ideas)
jt,$0.00,0,1,0.00,(jt visuals)
pictures,$0.00,0,1,0.00,(boardwalk pictures production company)
cypher,$0.00,0,1,0.00,(cypher studios)
now,$0.00,0,1,0.00,(now media)
keefe,$0.00,0,1,0.00,(o keefe media group)
event,$0.00,0,1,0.00,(event planner)
planner,$0.00,0,1,0.00,(event planner)
loud,$0.00,0,1,0.00,(loud production group)
visuals,$0.00,0,1,0.00,(jt visuals)
solo,$0.00,0,1,0.00,(liveu solo)
team,$0.00,0,1,0.00,(dream team marketing)
services,$0.00,0,1,0.00,(video transfer services near me)
videographers,$0.00,0,1,0.00,(kansas city videographers)
o,$0.00,0,1,0.00,(o keefe media group)
producers,$0.00,0,1,0.00,(producers looking for movie ideas)
boardwalk,$0.00,0,1,0.00,(boardwalk pictures production company)
