Search,Cost,Clicks,Impressions,Conversions
production companies near me,$0.00,0,11,0.00
kansas city videographer,$0.00,0,5,0.00
videographer kansas city,$0.00,0,4,0.00
video editing,$0.00,0,3,0.00
g unit film & television,$0.00,0,2,0.00
sound company,$0.00,0,2,0.00
arise productions,$0.00,0,1,0.00
boardwalk pictures production company,$0.00,0,1,0.00
cypher studios,$0.00,0,1,0.00
dream team marketing,$0.00,0,1,0.00
entertainment companies near me,$0.00,0,1,0.00
event planner,$0.00,0,1,0.00
female production companies,$0.00,0,1,0.00
jt visuals,$0.00,0,1,0.00
kansas city film production companies,$0.00,0,1,0.00
kansas city videographers,$0.00,0,1,0.00
livestreaming,$12.34,1,1,0.00
liveu solo,$0.00,0,1,0.00
loud production group,$0.00,0,1,0.00
msg media,$0.00,0,1,0.00
music production company,$0.00,0,1,0.00
next level marketing,$0.00,0,1,0.00
now media,$0.00,0,1,0.00
o keefe media group,$0.00,0,1,0.00
prime 9 marketing,$0.00,0,1,0.00
prime 9 marketing reviews,$0.00,0,1,0.00
producers looking for movie ideas,$0.00,0,1,0.00
rsvp productions,$0.00,0,1,0.00
soona studios,$0.00,0,1,0.00
video transfer services near me,$0.00,0,1,0.00
videographer,$0.00,0,1,0.00
