Search Keyword,Match type,Criterion Status,Campaign Status,Ad Group Status,Cost,Clicks,Avg. CPC
video production house,Broad match,Enabled,Enabled,Enabled,$12.63,1,$12.63
live stream studio,Broad match,Enabled,Enabled,Enabled,$12.81,2,$6.41
video production,Broad match,Enabled,Enabled,Enabled,$5.15,2,$2.58
business marketing video,Broad match,Enabled,Enabled,Enabled,$4.23,2,$2.12
video marketing company,Broad match,Enabled,Enabled,Enabled,$3.13,3,$1.04
video content marketing agency,Broad match,Enabled,Enabled,Enabled,$0.41,1,$0.41
video content marketing services,Broad match,Enabled,Enabled,Enabled,$0.32,1,$0.32
content production company,Broad match,Enabled,Enabled,Enabled,$0.22,1,$0.22
kc video production,Broad match,Enabled,Enabled,Enabled,$0.00,0,$0.00
video production companies in kansas city,Broad match,Enabled,Enabled,Enabled,$0.00,0,$0.00
video production companies kansas city mo,Broad match,Enabled,Enabled,Enabled,$0.00,0,$0.00
kc video production companies,Broad match,Enabled,Enabled,Enabled,$0.00,0,$0.00
video production companies,Broad match,Enabled,Enabled,Enabled,$0.00,0,$0.00
video production services,Broad match,Enabled,Enabled,Enabled,$0.00,0,$0.00
video filming,Broad match,Enabled,Enabled,Enabled,$0.00,0,$0.00
video services,Broad match,Enabled,Enabled,Enabled,$0.00,0,$0.00
post production,Broad match,Enabled,Enabled,Enabled,$0.00,0,$0.00
studio video,Broad match,Enabled,Enabled,Enabled,$0.00,0,$0.00
video productions,Broad match,Enabled,Enabled,Enabled,$0.00,0,$0.00
video production company,Broad match,Enabled,Enabled,Enabled,$0.00,0,$0.00
film and video production,Broad match,Enabled,Enabled,Enabled,$0.00,0,$0.00
production agencies,Broad match,Enabled,Enabled,Enabled,$0.00,0,$0.00
professional videographer,Broad match,Enabled,Enabled,Enabled,$0.00,0,$0.00
audio video services,Broad match,Enabled,Enabled,Enabled,$0.00,0,$0.00
business video production,Broad match,Enabled,Enabled,Enabled,$0.00,0,$0.00
product video production,Broad match,Enabled,Enabled,Enabled,$0.00,0,$0.00
video production agency,Broad match,Enabled,Enabled,Enabled,$0.00,0,$0.00
dreamworks production,Broad match,Enabled,Enabled,Enabled,$0.00,0,$0.00
media video production,Broad match,Enabled,Enabled,Enabled,$0.00,0,$0.00
full video production,Broad match,Enabled,Enabled,Enabled,$0.00,0,$0.00
content production agency,Broad match,Enabled,Enabled,Enabled,$0.00,0,$0.00
event videographer,Broad match,Enabled,Enabled,Enabled,$0.00,0,$0.00
audio video production services,Broad match,Enabled,Enabled,Enabled,$0.00,0,$0.00
video production company services,Broad match,Enabled,Enabled,Enabled,$0.00,0,$0.00
videographer kansas city,Broad match,Enabled,Enabled,Enabled,$0.00,0,$0.00
video content production company,Broad match,Enabled,Enabled,Enabled,$0.00,0,$0.00
music video services,Broad match,Enabled,Enabled,Enabled,$0.00,0,$0.00
commercial video,Broad match,Enabled,Enabled,Enabled,$0.00,0,$0.00
local video production company,Broad match,Enabled,Enabled,Enabled,$0.00,0,$0.00
video studios,Broad match,Enabled,Enabled,Enabled,$0.00,0,$0.00
professional video production company,Broad match,Enabled,Enabled,Enabled,$0.00,0,$0.00
top video production companies,Broad match,Enabled,Enabled,Enabled,$0.00,0,$0.00
video production companies near me,Broad match,Enabled,Enabled,Enabled,$0.00,0,$0.00
video production company near me,Broad match,Enabled,Enabled,Enabled,$0.00,0,$0.00
video production company website,Broad match,Enabled,Enabled,Enabled,$0.00,0,$0.00
videography editing,Broad match,Enabled,Enabled,Enabled,$0.00,0,$0.00
audio and video companies,Broad match,Enabled,Enabled,Enabled,$0.00,0,$0.00
video production kansas city,Broad match,Enabled,Enabled,Enabled,$0.00,0,$0.00
video videographer,Broad match,Enabled,Enabled,Enabled,$0.00,0,$0.00
audiovisual production services,Broad match,Enabled,Enabled,Enabled,$0.00,0,$0.00
