Advertiser Name,Impression share,Impression share (Comparison),Outranking share,Outranking share (Comparison),Overlap rate,Overlap rate (Comparison),Top of page rate,Top of page rate (Comparison),Position above rate,Position above rate (Comparison)
You,14.58%,14.58%,No data,No data,No data,No data,85.71%,85.71%,No data,No data
fivesix.com,< 10%,< 10%,14.58%,14.58%,28.57%,28.57%,66.67%,66.67%,0.00%,0.00%
ifocusmarketing.com,< 10%,< 10%,12.50%,12.50%,14.29%,14.29%,100.00%,100.00%,100.00%,100.00%
bark.com,< 10%,< 10%,14.58%,14.58%,14.29%,14.29%,66.67%,66.67%,0.00%,0.00%
fullsail.edu,10.42%,10.42%,12.50%,12.50%,28.57%,28.57%,80.00%,80.00%,50.00%,50.00%
ibm.com,< 10%,< 10%,12.50%,12.50%,14.29%,14.29%,100.00%,100.00%,100.00%,100.00%
lafilm.edu,< 10%,< 10%,14.58%,14.58%,14.29%,14.29%,75.00%,75.00%,0.00%,0.00%
