Advertiser Name,Impression share,Impression share (Comparison),Outranking share,Outranking share (Comparison),Overlap rate,Overlap rate (Comparison),Top of page rate,Top of page rate (Comparison),Position above rate,Position above rate (Comparison)
You,17.14%,17.14%,No data,No data,No data,No data,58.33%,58.33%,No data,No data
catapultcreativemedia.com,< 10%,< 10%,15.71%,15.71%,8.33%,8.33%,100.00%,100.00%,100.00%,100.00%
strategynewmedia.com,< 10%,< 10%,17.14%,17.14%,0.00%,0.00%,83.33%,83.33%,0.00%,0.00%
campaignium.com,< 10%,< 10%,17.14%,17.14%,0.00%,0.00%,100.00%,100.00%,0.00%,0.00%
ifocusmarketing.com,10.00%,10.00%,17.14%,17.14%,0.00%,0.00%,85.71%,85.71%,0.00%,0.00%
