Word,Cost,Clicks,Impressions,Conversions,Top Containing Queries
near me,$2.47,1,4,0.00,"(film crew near me, memorial video services near me)"
film,$0.00,0,3,0.00,"(film crew near me, kansas city film office)"
media,$0.00,0,3,0.00,"(kc media collective, multi media llc, square one media)"
video,$2.47,1,2,0.00,(memorial video services near me)
services,$2.47,1,2,0.00,(memorial video services near me)
crew,$0.00,0,2,0.00,(film crew near me)
kansas city,$0.00,0,2,0.00,"(kansas city audio visual, kansas city film office)"
memorial,$2.47,1,2,0.00,(memorial video services near me)
llc,$0.00,0,1,0.00,(multi media llc)
studios,$0.00,0,1,0.00,(sutliff studios)
one,$0.00,0,1,0.00,(square one media)
sutliff,$0.00,0,1,0.00,(sutliff studios)
office,$0.00,0,1,0.00,(kansas city film office)
multi,$0.00,0,1,0.00,(multi media llc)
wg,$0.00,0,1,0.00,(wg productions)
square,$0.00,0,1,0.00,(square one media)
kc,$0.00,0,1,0.00,(kc media collective)
visual,$0.00,0,1,0.00,(kansas city audio visual)
audio,$0.00,0,1,0.00,(kansas city audio visual)
collective,$0.00,0,1,0.00,(kc media collective)
productions,$0.00,0,1,0.00,(wg productions)
