Word,Cost,Clicks,Impressions,Conversions,Top Containing Queries
video,$0.00,0,4,0.00,"(video mania kansas city, making a video, video editing cost)"
a,$0.00,0,4,0.00,"(how to make a live stream on youtube, how do you make a livestream, making a video)"
youtube,$0.00,0,3,0.00,"(how to make a live stream on youtube, youtube editor)"
how,$0.00,0,3,0.00,"(how to make a live stream on youtube, how do you make a livestream)"
make a,$0.00,0,3,0.00,"(how to make a live stream on youtube, how do you make a livestream)"
city,$0.00,0,2,0.00,(video mania kansas city)
media,$0.00,0,2,0.00,"(kc media, streaming media)"
stream,$0.00,0,2,0.00,(how to make a live stream on youtube)
live,$0.00,0,2,0.00,(how to make a live stream on youtube)
on,$0.00,0,2,0.00,(how to make a live stream on youtube)
mania,$0.00,0,2,0.00,(video mania kansas city)
kansas,$0.00,0,2,0.00,(video mania kansas city)
livestream,$0.00,0,2,0.00,"(how do you make a livestream, livestream)"
to,$0.00,0,2,0.00,(how to make a live stream on youtube)
productions,$0.00,0,2,0.00,"(take7 productions, two brothers productions)"
take7,$0.00,0,1,0.00,(take7 productions)
brothers,$0.00,0,1,0.00,(two brothers productions)
do,$0.00,0,1,0.00,(how do you make a livestream)
two,$0.00,0,1,0.00,(two brothers productions)
streaming,$0.00,0,1,0.00,(streaming media)
kc,$0.00,0,1,0.00,(kc media)
you,$0.00,0,1,0.00,(how do you make a livestream)
editor,$0.00,0,1,0.00,(youtube editor)
making,$0.00,0,1,0.00,(making a video)
cost,$0.00,0,1,0.00,(video editing cost)
editing,$0.00,0,1,0.00,(video editing cost)
