Word,Cost,Clicks,Impressions,Conversions,Top Containing Queries
livestreaming,$0.00,0,4,0.00,(livestreaming)
production,$0.00,0,2,0.00,"(black production companies looking for scripts, lena waithe production company)"
music video,$0.00,0,2,0.00,"(i want to shoot a music video, music video maker near me)"
a,$0.00,0,1,0.00,(i want to shoot a music video)
billy,$0.00,0,1,0.00,(billy bob productions)
motion,$0.00,0,1,0.00,(motion graphics)
want,$0.00,0,1,0.00,(i want to shoot a music video)
for,$0.00,0,1,0.00,(black production companies looking for scripts)
black,$0.00,0,1,0.00,(black production companies looking for scripts)
i,$0.00,0,1,0.00,(i want to shoot a music video)
maker,$0.00,0,1,0.00,(music video maker near me)
graphics,$0.00,0,1,0.00,(motion graphics)
waithe,$0.00,0,1,0.00,(lena waithe production company)
companies,$0.00,0,1,0.00,(black production companies looking for scripts)
bob,$0.00,0,1,0.00,(billy bob productions)
me,$0.00,0,1,0.00,(music video maker near me)
shoot,$0.00,0,1,0.00,(i want to shoot a music video)
company,$0.00,0,1,0.00,(lena waithe production company)
looking,$0.00,0,1,0.00,(black production companies looking for scripts)
near,$0.00,0,1,0.00,(music video maker near me)
productions,$0.00,0,1,0.00,(billy bob productions)
to,$0.00,0,1,0.00,(i want to shoot a music video)
scripts,$0.00,0,1,0.00,(black production companies looking for scripts)
lena,$0.00,0,1,0.00,(lena waithe production company)
