Word,Cost,Clicks,Impressions,Conversions,Top Containing Queries
production,$0.00,0,4,0.00,"(video production company, cube vision production company website, movie production companies)"
media,$0.00,0,4,0.00,"(bic media kansas city, hustle media, warner media direct)"
video,$0.00,0,4,0.00,"(video production company, audio and video technician near me, video editor)"
production company,$0.00,0,3,0.00,"(video production company, cube vision production company website)"
city,$0.00,0,2,0.00,(bic media kansas city)
kansas,$0.00,0,2,0.00,(bic media kansas city)
productions,$0.00,0,2,0.00,"(d man productions, zimmerman productions)"
bic,$0.00,0,2,0.00,(bic media kansas city)
studio,$0.00,0,1,0.00,(ltx studio)
movie,$0.00,0,1,0.00,(movie production companies)
direct,$0.00,0,1,0.00,(warner media direct)
man productions,$0.00,0,1,0.00,(d man productions)
companies,$0.00,0,1,0.00,(movie production companies)
and,$0.00,0,1,0.00,(audio and video technician near me)
me,$0.00,0,1,0.00,(audio and video technician near me)
zimmerman,$0.00,0,1,0.00,(zimmerman productions)
audio,$0.00,0,1,0.00,(audio and video technician near me)
near,$0.00,0,1,0.00,(audio and video technician near me)
cube,$0.00,0,1,0.00,(cube vision production company website)
roam,$0.00,0,1,0.00,(buffalo roam studios)
editor,$0.00,0,1,0.00,(video editor)
website,$0.00,0,1,0.00,(cube vision production company website)
studios,$0.00,0,1,0.00,(buffalo roam studios)
d,$0.00,0,1,0.00,(d man productions)
buffalo,$0.00,0,1,0.00,(buffalo roam studios)
technician,$0.00,0,1,0.00,(audio and video technician near me)
warner,$0.00,0,1,0.00,(warner media direct)
vision,$0.00,0,1,0.00,(cube vision production company website)
ltx,$0.00,0,1,0.00,(ltx studio)
hustle,$0.00,0,1,0.00,(hustle media)
