Word,Cost,Clicks,Impressions,Conversions,Top Containing Queries
livestreaming,$0.00,0,2,0.00,(livestreaming)
making,$0.00,0,2,0.00,(making your own movie)
movie,$0.00,0,2,0.00,(making your own movie)
own,$0.00,0,2,0.00,(making your own movie)
your,$0.00,0,2,0.00,(making your own movie)
prime,$0.00,0,1,0.00,(prime 9 marketing reviews)
impact,$0.00,0,1,0.00,(impact media)
fitzmedia,$0.00,0,1,0.00,(fitzmedia)
angel,$0.00,0,1,0.00,(angel film company)
film,$0.00,0,1,0.00,(angel film company)
media,$0.00,0,1,0.00,(impact media)
marketing,$0.00,0,1,0.00,(prime 9 marketing reviews)
companies,$0.00,0,1,0.00,(event management companies)
reviews,$0.00,0,1,0.00,(prime 9 marketing reviews)
management,$0.00,0,1,0.00,(event management companies)
9,$0.00,0,1,0.00,(prime 9 marketing reviews)
company,$0.00,0,1,0.00,(angel film company)
event,$0.00,0,1,0.00,(event management companies)
