Advertiser Name,Impression share,Impression share (Comparison),Outranking share,Outranking share (Comparison),Overlap rate,Overlap rate (Comparison),Top of page rate,Top of page rate (Comparison),Position above rate,Position above rate (Comparison)
You,11.40%,11.40%,No data,No data,No data,No data,92.31%,92.31%,No data,No data
studiocenter.com,< 10%,< 10%,11.40%,11.40%,3.85%,3.85%,57.14%,57.14%,0.00%,0.00%
digitalbrew.com,< 10%,< 10%,10.53%,10.53%,11.54%,11.54%,85.71%,85.71%,66.67%,66.67%
designpickle.com,< 10%,< 10%,10.96%,10.96%,3.85%,3.85%,66.67%,66.67%,100.00%,100.00%
lemonlight.com,< 10%,< 10%,11.40%,11.40%,7.69%,7.69%,62.50%,62.50%,0.00%,0.00%
