Search,Cost,Clicks,Impressions,Conversions
veed,$0.00,0,3,0.00
video production companies in kansas city,$0.00,0,3,0.00
video production companies kansas city,$14.02,1,2,0.00
video production company,$0.00,0,2,0.00
video production kansas city,$0.00,0,2,0.00
videographer kansas city,$0.00,0,2,0.00
advertising agency near me,$0.00,0,1,0.00
encore global,$0.00,0,1,0.00
innovative media services,$10.10,1,1,0.00
motion design,$0.00,0,1,0.00
my creative services,$0.00,0,1,0.00
redlands video transfers,$0.00,0,1,0.00
streamyard,$0.00,0,1,0.00
tlc production,$0.00,0,1,0.00
veefly,$0.00,0,1,0.00
