Word,Cost,Clicks,Impressions,Conversions,Top Containing Queries
production,$14.02,1,10,0.00,"(video production companies in kansas city, video production companies kansas city, video production company)"
video,$14.02,1,10,0.00,"(video production companies in kansas city, video production companies kansas city, video production company)"
kansas city,$14.02,1,9,0.00,"(video production companies in kansas city, video production companies kansas city, video production kansas city)"
production companies,$14.02,1,5,0.00,"(video production companies in kansas city, video production companies kansas city)"
in,$0.00,0,3,0.00,(video production companies in kansas city)
veed,$0.00,0,3,0.00,(veed)
videographer,$0.00,0,2,0.00,(videographer kansas city)
company,$0.00,0,2,0.00,(video production company)
services,$10.10,1,2,0.00,"(innovative media services, my creative services)"
veefly,$0.00,0,1,0.00,(veefly)
global,$0.00,0,1,0.00,(encore global)
advertising,$0.00,0,1,0.00,(advertising agency near me)
media,$10.10,1,1,0.00,(innovative media services)
transfers,$0.00,0,1,0.00,(redlands video transfers)
design,$0.00,0,1,0.00,(motion design)
me,$0.00,0,1,0.00,(advertising agency near me)
near,$0.00,0,1,0.00,(advertising agency near me)
encore,$0.00,0,1,0.00,(encore global)
streamyard,$0.00,0,1,0.00,(streamyard)
agency,$0.00,0,1,0.00,(advertising agency near me)
motion,$0.00,0,1,0.00,(motion design)
redlands,$0.00,0,1,0.00,(redlands video transfers)
tlc,$0.00,0,1,0.00,(tlc production)
my,$0.00,0,1,0.00,(my creative services)
creative,$0.00,0,1,0.00,(my creative services)
innovative,$10.10,1,1,0.00,(innovative media services)
