Word,Cost,Clicks,Impressions,Conversions,Top Containing Queries
video,$1.39,2,6,0.00,"(video production, video shoot, video editing internships near me)"
production,$0.00,0,3,0.00,"(video production, pmg production)"
kansas city,$0.00,0,3,0.00,"(barkley films kansas city, kansas city audio visual kcav)"
films,$0.00,0,2,0.00,(barkley films kansas city)
barkley,$0.00,0,2,0.00,(barkley films kansas city)
media,$0.00,0,2,0.00,"(rts media solutions, streaming media)"
shoot,$0.00,0,2,0.00,(video shoot)
digital,$0.00,0,1,0.00,(digital imaging group)
streamyard,$0.00,0,1,0.00,(streamyard)
solutions,$0.00,0,1,0.00,(rts media solutions)
en,$1.10,1,1,0.00,(video en live)
pmg,$0.00,0,1,0.00,(pmg production)
imaging,$0.00,0,1,0.00,(digital imaging group)
editing,$0.29,1,1,0.00,(video editing internships near me)
internships,$0.29,1,1,0.00,(video editing internships near me)
rts,$0.00,0,1,0.00,(rts media solutions)
streaming,$0.00,0,1,0.00,(streaming media)
me,$0.29,1,1,0.00,(video editing internships near me)
visual,$0.00,0,1,0.00,(kansas city audio visual kcav)
audio,$0.00,0,1,0.00,(kansas city audio visual kcav)
near,$0.29,1,1,0.00,(video editing internships near me)
live,$1.10,1,1,0.00,(video en live)
group,$0.00,0,1,0.00,(digital imaging group)
kcav,$0.00,0,1,0.00,(kansas city audio visual kcav)
