Advertiser Name,Impression share,Impression share (Comparison),Outranking share,Outranking share (Comparison),Overlap rate,Overlap rate (Comparison),Top of page rate,Top of page rate (Comparison),Position above rate,Position above rate (Comparison)
You,15.32%,15.32%,No data,No data,No data,No data,79.17%,79.17%,No data,No data
upwork.com,< 10%,< 10%,14.68%,14.68%,4.17%,4.17%,86.21%,86.21%,100.00%,100.00%
realmediakc.com,< 10%,< 10%,14.26%,14.26%,18.06%,18.06%,75.00%,75.00%,38.46%,38.46%
fiverr.com,< 10%,< 10%,14.89%,14.89%,2.78%,2.78%,91.67%,91.67%,100.00%,100.00%
