Word,Cost,Clicks,Impressions,Conversions,Top Containing Queries
video,$1.07,1,13,0.00,"(video deposition services, best video editing app for instagram, freelance video editor)"
productions,$11.78,1,6,0.00,"(show me productions, amberson productions, dd productions)"
me,$1.17,1,5,0.00,"(show me productions, content creators near me, filmmaking groups near me)"
kansas city,$0.00,0,5,0.00,"(graphic design companies in kansas city, display studios kansas city, kansas city video marketing)"
studios,$0.00,0,4,0.00,"(stop motion animation studios, display studios kansas city, production studios)"
production,$0.00,0,4,0.00,"(kansas city video production, media production, production studios)"
graphic design,$0.00,0,4,0.00,"(graphic design companies in kansas city, graphic design firms)"
services,$0.00,0,4,0.00,"(video deposition services, video making services)"
near me,$1.17,1,3,0.00,"(content creators near me, filmmaking groups near me, videographer near me)"
media,$0.00,0,3,0.00,"(media production, sure media, tolman media)"
motion,$0.00,0,3,0.00,"(stop motion animation studios, shapes motion graphics)"
deposition,$0.00,0,3,0.00,(video deposition services)
companies,$0.00,0,2,0.00,(graphic design companies in kansas city)
videographer,$0.00,0,2,0.00,"(videographer, videographer near me)"
in,$0.00,0,2,0.00,(graphic design companies in kansas city)
video editing,$1.07,1,2,0.00,"(best video editing app for instagram, video editing workflow)"
animation,$0.00,0,2,0.00,(stop motion animation studios)
stop,$0.00,0,2,0.00,(stop motion animation studios)
firms,$0.00,0,2,0.00,(graphic design firms)
show,$0.00,0,2,0.00,(show me productions)
for,$1.07,1,2,0.00,"(best video editing app for instagram, powerdirector for pc)"
kc,$0.00,0,2,0.00,"(kc video productions, videography kc)"
dd,$11.78,1,1,0.00,(dd productions)
videography,$0.00,0,1,0.00,(videography kc)
instagram,$1.07,1,1,0.00,(best video editing app for instagram)
graphics,$0.00,0,1,0.00,(shapes motion graphics)
enhancement,$0.00,0,1,0.00,(video enhancement)
amberson,$0.00,0,1,0.00,(amberson productions)
freelance,$0.00,0,1,0.00,(freelance video editor)
app,$1.07,1,1,0.00,(best video editing app for instagram)
making,$0.00,0,1,0.00,(video making services)
sure,$0.00,0,1,0.00,(sure media)
workflow,$0.00,0,1,0.00,(video editing workflow)
tolman,$0.00,0,1,0.00,(tolman media)
creators,$0.00,0,1,0.00,(content creators near me)
gmproductions,$0.00,0,1,0.00,(gmproductions)
best,$1.07,1,1,0.00,(best video editing app for instagram)
filmmaking,$1.17,1,1,0.00,(filmmaking groups near me)
content,$0.00,0,1,0.00,(content creators near me)
local,$0.00,0,1,0.00,(local videographers)
trailer,$0.00,0,1,0.00,(trailer agency)
shapes,$0.00,0,1,0.00,(shapes motion graphics)
powerdirector,$0.00,0,1,0.00,(powerdirector for pc)
advertisement,$0.00,0,1,0.00,(video advertisement)
company,$0.00,0,1,0.00,(video production company)
streamyard,$0.00,0,1,0.00,(streamyard)
editor,$0.00,0,1,0.00,(freelance video editor)
agency,$0.00,0,1,0.00,(trailer agency)
display,$0.00,0,1,0.00,(display studios kansas city)
groups,$1.17,1,1,0.00,(filmmaking groups near me)
impressive,$0.00,0,1,0.00,(impressive productions)
videographers,$0.00,0,1,0.00,(local videographers)
marketing,$0.00,0,1,0.00,(kansas city video marketing)
mediaworks,$0.00,0,1,0.00,(mediaworks)
pc,$0.00,0,1,0.00,(powerdirector for pc)
