Search Keyword,Match type,Criterion Status,Campaign Status,Ad Group Status,Cost,Clicks,Avg. CPC
event video production company,Broad match,Enabled,Enabled,Enabled,$11.78,1,$11.78
video production services,Broad match,Enabled,Enabled,Enabled,$6.09,2,$3.04
video services near me,Broad match,Enabled,Enabled,Enabled,$2.16,1,$2.16
video marketing company,Broad match,Enabled,Enabled,Enabled,$3.93,2,$1.97
motion graphics company,Broad match,Enabled,Enabled,Enabled,$1.68,1,$1.68
video production companies in kansas city,Broad match,Enabled,Enabled,Enabled,$1.65,1,$1.65
film and video production company,Broad match,Enabled,Enabled,Enabled,$1.17,1,$1.17
video editing services,Broad match,Enabled,Enabled,Enabled,$2.33,2,$1.17
video production,Broad match,Enabled,Enabled,Enabled,$0.41,1,$0.41
video services,Broad match,Enabled,Enabled,Enabled,$1.20,3,$0.40
kc video production,Broad match,Enabled,Enabled,Enabled,$0.00,0,$0.00
video production companies kansas city mo,Broad match,Enabled,Enabled,Enabled,$0.00,0,$0.00
kc video production companies,Broad match,Enabled,Enabled,Enabled,$0.00,0,$0.00
video production companies,Broad match,Enabled,Enabled,Enabled,$0.00,0,$0.00
video filming,Broad match,Enabled,Enabled,Enabled,$0.00,0,$0.00
post production,Broad match,Enabled,Enabled,Enabled,$0.00,0,$0.00
studio video,Broad match,Enabled,Enabled,Enabled,$0.00,0,$0.00
video productions,Broad match,Enabled,Enabled,Enabled,$0.00,0,$0.00
video production company,Broad match,Enabled,Enabled,Enabled,$0.00,0,$0.00
film and video production,Broad match,Enabled,Enabled,Enabled,$0.00,0,$0.00
production agencies,Broad match,Enabled,Enabled,Enabled,$0.00,0,$0.00
professional videographer,Broad match,Enabled,Enabled,Enabled,$0.00,0,$0.00
audio video services,Broad match,Enabled,Enabled,Enabled,$0.00,0,$0.00
business video production,Broad match,Enabled,Enabled,Enabled,$0.00,0,$0.00
product video production,Broad match,Enabled,Enabled,Enabled,$0.00,0,$0.00
video production agency,Broad match,Enabled,Enabled,Enabled,$0.00,0,$0.00
dreamworks production,Broad match,Enabled,Enabled,Enabled,$0.00,0,$0.00
media video production,Broad match,Enabled,Enabled,Enabled,$0.00,0,$0.00
full video production,Broad match,Enabled,Enabled,Enabled,$0.00,0,$0.00
content production agency,Broad match,Enabled,Enabled,Enabled,$0.00,0,$0.00
event videographer,Broad match,Enabled,Enabled,Enabled,$0.00,0,$0.00
audio video production services,Broad match,Enabled,Enabled,Enabled,$0.00,0,$0.00
video production company services,Broad match,Enabled,Enabled,Enabled,$0.00,0,$0.00
videographer kansas city,Broad match,Enabled,Enabled,Enabled,$0.00,0,$0.00
video content production company,Broad match,Enabled,Enabled,Enabled,$0.00,0,$0.00
music video services,Broad match,Enabled,Enabled,Enabled,$0.00,0,$0.00
commercial video,Broad match,Enabled,Enabled,Enabled,$0.00,0,$0.00
local video production company,Broad match,Enabled,Enabled,Enabled,$0.00,0,$0.00
video studios,Broad match,Enabled,Enabled,Enabled,$0.00,0,$0.00
professional video production company,Broad match,Enabled,Enabled,Enabled,$0.00,0,$0.00
top video production companies,Broad match,Enabled,Enabled,Enabled,$0.00,0,$0.00
video production companies near me,Broad match,Enabled,Enabled,Enabled,$0.00,0,$0.00
video production company near me,Broad match,Enabled,Enabled,Enabled,$0.00,0,$0.00
video production company website,Broad match,Enabled,Enabled,Enabled,$0.00,0,$0.00
videography editing,Broad match,Enabled,Enabled,Enabled,$0.00,0,$0.00
audio and video companies,Broad match,Enabled,Enabled,Enabled,$0.00,0,$0.00
video production kansas city,Broad match,Enabled,Enabled,Enabled,$0.00,0,$0.00
video videographer,Broad match,Enabled,Enabled,Enabled,$0.00,0,$0.00
audiovisual production services,Broad match,Enabled,Enabled,Enabled,$0.00,0,$0.00
digital video editing company,Broad match,Enabled,Enabled,Enabled,$0.00,0,$0.00
