Search,Cost,Clicks,Impressions,Conversions
video deposition services,$0.00,0,3,0.00
graphic design companies in kansas city,$0.00,0,2,0.00
graphic design firms,$0.00,0,2,0.00
show me productions,$0.00,0,2,0.00
stop motion animation studios,$0.00,0,2,0.00
amberson productions,$0.00,0,1,0.00
best video editing app for instagram,$1.07,1,1,0.00
content creators near me,$0.00,0,1,0.00
dd productions,$11.78,1,1,0.00
display studios kansas city,$0.00,0,1,0.00
filmmaking groups near me,$1.17,1,1,0.00
freelance video editor,$0.00,0,1,0.00
gmproductions,$0.00,0,1,0.00
impressive productions,$0.00,0,1,0.00
kansas city video marketing,$0.00,0,1,0.00
kansas city video production,$0.00,0,1,0.00
kc video productions,$0.00,0,1,0.00
local videographers,$0.00,0,1,0.00
media production,$0.00,0,1,0.00
mediaworks,$0.00,0,1,0.00
powerdirector for pc,$0.00,0,1,0.00
production studios,$0.00,0,1,0.00
shapes motion graphics,$0.00,0,1,0.00
streamyard,$0.00,0,1,0.00
sure media,$0.00,0,1,0.00
tolman media,$0.00,0,1,0.00
trailer agency,$0.00,0,1,0.00
video advertisement,$0.00,0,1,0.00
video editing workflow,$0.00,0,1,0.00
video enhancement,$0.00,0,1,0.00
video making services,$0.00,0,1,0.00
video production company,$0.00,0,1,0.00
videographer,$0.00,0,1,0.00
videographer near me,$0.00,0,1,0.00
videography kc,$0.00,0,1,0.00
