Advertiser Name,Impression share,Impression share (Comparison),Outranking share,Outranking share (Comparison),Overlap rate,Overlap rate (Comparison),Top of page rate,Top of page rate (Comparison),Position above rate,Position above rate (Comparison)
You,< 10%,< 10%,No data,No data,No data,No data,61.54%,61.54%,No data,No data
quickenfilms.com,< 10%,< 10%,8.39%,8.39%,0.00%,0.00%,87.50%,87.50%,0.00%,0.00%
cvpproductions.com,< 10%,< 10%,8.39%,8.39%,0.00%,0.00%,77.78%,77.78%,0.00%,0.00%
studiocenter.com,< 10%,< 10%,8.39%,8.39%,0.00%,0.00%,77.78%,77.78%,0.00%,0.00%
strategynewmedia.com,< 10%,< 10%,7.74%,7.74%,7.69%,7.69%,100.00%,100.00%,100.00%,100.00%
