Word,Cost,Clicks,Impressions,Conversions,Top Containing Queries
media,$4.79,1,2,0.00,"(media companies in kansas city, square one media)"
kansas city,$0.00,0,2,0.00,"(media companies in kansas city, videographer kansas city)"
youtube,$0.00,0,1,0.00,(freelance youtube editor)
editor,$0.00,0,1,0.00,(freelance youtube editor)
commercial,$0.00,0,1,0.00,(video commercial)
billy,$0.00,0,1,0.00,(billy raw productions)
production,$0.00,0,1,0.00,(aspen production)
in,$0.00,0,1,0.00,(media companies in kansas city)
one,$4.79,1,1,0.00,(square one media)
raw,$0.00,0,1,0.00,(billy raw productions)
aspen,$0.00,0,1,0.00,(aspen production)
video,$0.00,0,1,0.00,(video commercial)
content,$0.00,0,1,0.00,(enlighten content)
square,$4.79,1,1,0.00,(square one media)
companies,$0.00,0,1,0.00,(media companies in kansas city)
freelance,$0.00,0,1,0.00,(freelance youtube editor)
videographer,$0.00,0,1,0.00,(videographer kansas city)
productions,$0.00,0,1,0.00,(billy raw productions)
enlighten,$0.00,0,1,0.00,(enlighten content)
