Advertiser Name,Impression share,Impression share (Comparison),Outranking share,Outranking share (Comparison),Overlap rate,Overlap rate (Comparison),Top of page rate,Top of page rate (Comparison),Position above rate,Position above rate (Comparison)
You,14.29%,14.29%,No data,No data,No data,No data,50.00%,50.00%,No data,No data
avisystems.com,< 10%,< 10%,13.10%,13.10%,8.33%,8.33%,100.00%,100.00%,100.00%,100.00%
quickenfilms.com,< 10%,< 10%,14.29%,14.29%,0.00%,0.00%,50.00%,50.00%,0.00%,0.00%
strategynewmedia.com,< 10%,< 10%,11.90%,11.90%,25.00%,25.00%,100.00%,100.00%,66.67%,66.67%
