Word,Cost,Clicks,Impressions,Conversions,Top Containing Queries
production,$0.00,0,3,0.00,"(higher ground production company, mv production, production companies kansas city)"
kansas city,$0.00,0,2,0.00,"(kansas city audio visual, production companies kansas city)"
mv,$0.00,0,1,0.00,(mv production)
global,$0.00,0,1,0.00,(global prairie)
media,$0.00,0,1,0.00,(reel media)
prairie,$0.00,0,1,0.00,(global prairie)
reel,$0.00,0,1,0.00,(reel media)
companies,$0.00,0,1,0.00,(production companies kansas city)
visual,$0.00,0,1,0.00,(kansas city audio visual)
ground,$0.00,0,1,0.00,(higher ground production company)
company,$0.00,0,1,0.00,(higher ground production company)
audio,$0.00,0,1,0.00,(kansas city audio visual)
higher,$0.00,0,1,0.00,(higher ground production company)
