Advertiser Name,Impression share,Impression share (Comparison),Outranking share,Outranking share (Comparison),Overlap rate,Overlap rate (Comparison),Top of page rate,Top of page rate (Comparison),Position above rate,Position above rate (Comparison)
You,23.26%,23.26%,No data,No data,No data,No data,70.00%,70.00%,No data,No data
videocityinc.com,< 10%,< 10%,18.60%,18.60%,20.00%,20.00%,100.00%,100.00%,100.00%,100.00%
quickenfilms.com,< 10%,< 10%,20.93%,20.93%,10.00%,10.00%,100.00%,100.00%,100.00%,100.00%
studiob.net,< 10%,< 10%,20.93%,20.93%,10.00%,10.00%,100.00%,100.00%,100.00%,100.00%
thumbtack.com,< 10%,< 10%,20.93%,20.93%,10.00%,10.00%,33.33%,33.33%,100.00%,100.00%
