Word,Cost,Clicks,Impressions,Conversions,Top Containing Queries
video,$0.00,0,3,0.00,"(drone video companies near me, video pros)"
com,$0.00,0,2,0.00,"(punchtvstudio com, punchtvstudios com)"
drone,$0.00,0,2,0.00,(drone video companies near me)
companies,$0.00,0,2,0.00,(drone video companies near me)
me,$0.00,0,2,0.00,(drone video companies near me)
near,$0.00,0,2,0.00,(drone video companies near me)
broadcast,$0.00,0,1,0.00,(live broadcast)
livestreaming,$0.00,0,1,0.00,(livestreaming)
city,$0.00,0,1,0.00,(videographer kansas city)
merit,$0.00,0,1,0.00,(merit media)
media,$0.00,0,1,0.00,(merit media)
kansas,$0.00,0,1,0.00,(videographer kansas city)
we,$0.00,0,1,0.00,(we v)
pros,$0.00,0,1,0.00,(video pros)
v,$0.00,0,1,0.00,(we v)
videographer,$0.00,0,1,0.00,(videographer kansas city)
punchtvstudio,$0.00,0,1,0.00,(punchtvstudio com)
punchtvstudios,$0.00,0,1,0.00,(punchtvstudios com)
live,$0.00,0,1,0.00,(live broadcast)
