Word,Cost,Clicks,Impressions,Conversions,Top Containing Queries
kansas city,$0.00,0,2,0.00,"(kansas city audio visual kcav, talent agency kansas city)"
loud,$0.00,0,1,0.00,(loud productions)
restream,$0.00,0,1,0.00,(restream free)
agency,$0.00,0,1,0.00,(talent agency kansas city)
stewart,$0.00,0,1,0.00,(stewart peterson inc)
peterson,$0.00,0,1,0.00,(stewart peterson inc)
talent,$0.00,0,1,0.00,(talent agency kansas city)
visual,$0.00,0,1,0.00,(kansas city audio visual kcav)
audio,$0.00,0,1,0.00,(kansas city audio visual kcav)
productions,$0.00,0,1,0.00,(loud productions)
free,$0.00,0,1,0.00,(restream free)
kcav,$0.00,0,1,0.00,(kansas city audio visual kcav)
inc,$0.00,0,1,0.00,(stewart peterson inc)
