Advertiser Name,Impression share,Impression share (Comparison),Outranking share,Outranking share (Comparison),Overlap rate,Overlap rate (Comparison),Top of page rate,Top of page rate (Comparison),Position above rate,Position above rate (Comparison)
You,11.11%,11.11%,No data,No data,No data,No data,100.00%,100.00%,No data,No data
ifocusmarketing.com,33.33%,33.33%,11.11%,11.11%,0.00%,0.00%,100.00%,100.00%,0.00%,0.00%
lemonlight.com,33.33%,33.33%,11.11%,11.11%,0.00%,0.00%,100.00%,100.00%,0.00%,0.00%
whitesharkmedia.com,33.33%,33.33%,11.11%,11.11%,0.00%,0.00%,100.00%,100.00%,0.00%,0.00%
catapultcreativemedia.com,33.33%,33.33%,11.11%,11.11%,0.00%,0.00%,0.00%,0.00%,0.00%,0.00%
adpost.io,33.33%,33.33%,11.11%,11.11%,0.00%,0.00%,100.00%,100.00%,0.00%,0.00%
