Word,Cost,Clicks,Impressions,Conversions,Top Containing Queries
films,$72.18,2,1,0.00,(g unit films and television inc contact)
unit,$72.18,2,1,0.00,(g unit films and television inc contact)
and,$72.18,2,1,0.00,(g unit films and television inc contact)
television,$72.18,2,1,0.00,(g unit films and television inc contact)
g,$72.18,2,1,0.00,(g unit films and television inc contact)
contact,$72.18,2,1,0.00,(g unit films and television inc contact)
worldwide,$0.00,0,1,0.00,(outpost worldwide)
inc,$72.18,2,1,0.00,(g unit films and television inc contact)
outpost,$0.00,0,1,0.00,(outpost worldwide)
