Advertiser Name,Impression share,Impression share (Comparison),Outranking share,Outranking share (Comparison),Overlap rate,Overlap rate (Comparison),Top of page rate,Top of page rate (Comparison),Position above rate,Position above rate (Comparison)
You,< 10%,< 10%,No data,No data,No data,No data,50.00%,50.00%,No data,No data
upwork.com,10.34%,10.34%,6.90%,6.90%,0.00%,0.00%,100.00%,100.00%,0.00%,0.00%
quickenfilms.com,10.34%,10.34%,6.90%,6.90%,0.00%,0.00%,100.00%,100.00%,0.00%,0.00%
bark.com,< 10%,< 10%,6.90%,6.90%,0.00%,0.00%,50.00%,50.00%,0.00%,0.00%
frontrowgroup.com,< 10%,< 10%,6.90%,6.90%,0.00%,0.00%,100.00%,100.00%,0.00%,0.00%
paddock.com,10.34%,10.34%,6.90%,6.90%,0.00%,0.00%,66.67%,66.67%,0.00%,0.00%
ifocusmarketing.com,< 10%,< 10%,6.90%,6.90%,0.00%,0.00%,50.00%,50.00%,0.00%,0.00%
freelancer.com,< 10%,< 10%,6.90%,6.90%,0.00%,0.00%,50.00%,50.00%,0.00%,0.00%
fullsail.edu,< 10%,< 10%,6.90%,6.90%,0.00%,0.00%,100.00%,100.00%,0.00%,0.00%
lafilm.edu,< 10%,< 10%,6.90%,6.90%,0.00%,0.00%,100.00%,100.00%,0.00%,0.00%
fiverr.com,< 10%,< 10%,6.90%,6.90%,0.00%,0.00%,100.00%,100.00%,0.00%,0.00%
thumbtack.com,< 10%,< 10%,6.90%,6.90%,0.00%,0.00%,50.00%,50.00%,0.00%,0.00%
