Search,Cost,Clicks,Impressions,Conversions
al productions,$1.98,1,3,0.00
american media group,$0.00,0,1,0.00
dvd and video services near me,$0.00,0,1,0.00
ensemble productions,$0.00,0,1,0.00
f&f productions,$8.02,1,1,0.00
film production houses,$2.36,1,1,0.00
how to make a feature film,$0.00,0,1,0.00
jt visuals,$0.00,0,1,0.00
legal video productions,$10.19,1,1,0.00
media junkies,$0.00,0,1,0.00
midnight productions,$0.00,0,1,0.00
pinewood studios,$0.00,0,1,0.00
production company,$0.00,0,1,0.00
productioncrate,$5.35,1,1,0.00
streaming media,$0.00,0,1,0.00
