Word,Cost,Clicks,Impressions,Conversions,Top Containing Queries
productions,$20.19,3,7,0.00,"(al productions, ensemble productions, f&f productions)"
media,$0.00,0,3,0.00,"(american media group, media junkies, streaming media)"
al,$1.98,1,3,0.00,(al productions)
production,$2.36,1,2,0.00,"(film production houses, production company)"
video,$10.19,1,2,0.00,"(dvd and video services near me, legal video productions)"
film,$2.36,1,2,0.00,"(film production houses, how to make a feature film)"
american,$0.00,0,1,0.00,(american media group)
ensemble,$0.00,0,1,0.00,(ensemble productions)
jt,$0.00,0,1,0.00,(jt visuals)
how,$0.00,0,1,0.00,(how to make a feature film)
streaming,$0.00,0,1,0.00,(streaming media)
dvd,$0.00,0,1,0.00,(dvd and video services near me)
feature,$0.00,0,1,0.00,(how to make a feature film)
and,$0.00,0,1,0.00,(dvd and video services near me)
me,$0.00,0,1,0.00,(dvd and video services near me)
houses,$2.36,1,1,0.00,(film production houses)
legal,$10.19,1,1,0.00,(legal video productions)
company,$0.00,0,1,0.00,(production company)
near,$0.00,0,1,0.00,(dvd and video services near me)
productioncrate,$5.35,1,1,0.00,(productioncrate)
make,$0.00,0,1,0.00,(how to make a feature film)
group,$0.00,0,1,0.00,(american media group)
a,$0.00,0,1,0.00,(how to make a feature film)
midnight,$0.00,0,1,0.00,(midnight productions)
studios,$0.00,0,1,0.00,(pinewood studios)
visuals,$0.00,0,1,0.00,(jt visuals)
f&f,$8.02,1,1,0.00,(f&f productions)
services,$0.00,0,1,0.00,(dvd and video services near me)
pinewood,$0.00,0,1,0.00,(pinewood studios)
junkies,$0.00,0,1,0.00,(media junkies)
to,$0.00,0,1,0.00,(how to make a feature film)
