Word,Cost,Clicks,Impressions,Conversions,Top Containing Queries
videographer,$0.00,0,2,0.00,"(videographer, videographer kc)"
production companies,$0.00,0,2,0.00,"(production companies, production companies kansas city)"
streaming,$0.00,0,1,0.00,(streaming media)
city,$0.00,0,1,0.00,(production companies kansas city)
vidpros,$0.00,0,1,0.00,(vidpros review)
review,$0.00,0,1,0.00,(vidpros review)
kc,$0.00,0,1,0.00,(videographer kc)
training,$0.00,0,1,0.00,(training video editing)
media,$0.00,0,1,0.00,(streaming media)
video,$0.00,0,1,0.00,(training video editing)
kansas,$0.00,0,1,0.00,(production companies kansas city)
editing,$0.00,0,1,0.00,(training video editing)
