Word,Cost,Clicks,Impressions,Conversions,Top Containing Queries
films,$0.00,0,8,0.00,(tone films)
tone,$0.00,0,8,0.00,(tone films)
studio restream,$0.00,0,4,0.00,"(studio restream, studio restream io)"
productions,$1.60,1,4,0.00,"(caravan productions, carrieoke productions, phantom four productions)"
carrieoke,$1.60,1,1,0.00,(carrieoke productions)
streamyard,$0.00,0,1,0.00,(streamyard)
editor,$0.00,0,1,0.00,(video editor)
motion,$0.00,0,1,0.00,(motion graphics)
io,$0.00,0,1,0.00,(studio restream io)
graphics,$0.00,0,1,0.00,(motion graphics)
secret,$0.00,0,1,0.00,(top secret productions)
video,$0.00,0,1,0.00,(video editor)
phantom,$0.00,0,1,0.00,(phantom four productions)
top,$0.00,0,1,0.00,(top secret productions)
caravan,$0.00,0,1,0.00,(caravan productions)
four,$0.00,0,1,0.00,(phantom four productions)
videographer,$0.00,0,1,0.00,(event videographer)
event,$0.00,0,1,0.00,(event videographer)
