Search,Cost,Clicks,Impressions,Conversions
elite entertainment videography,$0.00,0,2,0.00
female videographer near me,$0.00,0,2,0.00
izonemedia360,$0.00,0,2,0.00
prime 9 kansas city,$0.00,0,2,0.00
prime9 kansas city,$0.00,0,2,0.00
program productions,$0.00,0,2,0.00
video photographer,$0.00,0,2,0.00
videographer kansas city,$0.00,0,2,0.00
adl productions,$0.00,0,1,0.00
asia productions,$0.00,0,1,0.00
black videographers near me,$0.00,0,1,0.00
concept audio visual,$0.00,0,1,0.00
dream team marketing,$0.00,0,1,0.00
dynamic productions,$0.00,0,1,0.00
flip media,$0.00,0,1,0.00
jar entertainment,$0.00,0,1,0.00
kansas city animation studios,$1.25,1,1,0.00
media velocity inc,$0.00,0,1,0.00
next thought studios,$0.00,0,1,0.00
omni media,$0.00,0,1,0.00
onset productions,$0.00,0,1,0.00
peak media,$0.00,0,1,0.00
prime 9 marketing,$0.00,0,1,0.00
production companies near me,$0.00,0,1,0.00
program productions lombard il,$23.48,1,1,0.00
st andrew productions,$0.00,0,1,0.00
starium marketing services,$0.00,0,1,0.00
treeline productions,$0.00,0,1,0.00
video production companies in kansas city,$0.00,0,1,0.00
videographer springfield mo,$0.00,0,1,0.00
vision global media group inc,$0.00,0,1,0.00
youtube video producer,$0.00,0,1,0.00
