Word,Cost,Clicks,Impressions,Conversions,Top Containing Queries
productions,$23.48,1,9,0.00,"(program productions, adl productions, asia productions)"
kansas city,$1.25,1,8,0.00,"(prime 9 kansas city, prime9 kansas city, videographer kansas city)"
videographer,$0.00,0,5,0.00,"(female videographer near me, videographer kansas city, videographer springfield mo)"
media,$0.00,0,5,0.00,"(flip media, media velocity inc, omni media)"
near me,$0.00,0,4,0.00,"(female videographer near me, black videographers near me, production companies near me)"
video,$0.00,0,4,0.00,"(video photographer, video production companies in kansas city, youtube video producer)"
program productions,$23.48,1,3,0.00,"(program productions, program productions lombard il)"
entertainment,$0.00,0,3,0.00,"(elite entertainment videography, jar entertainment)"
prime 9,$0.00,0,3,0.00,"(prime 9 kansas city, prime 9 marketing)"
marketing,$0.00,0,3,0.00,"(dream team marketing, prime 9 marketing, starium marketing services)"
videography,$0.00,0,2,0.00,(elite entertainment videography)
prime9,$0.00,0,2,0.00,(prime9 kansas city)
female,$0.00,0,2,0.00,(female videographer near me)
studios,$1.25,1,2,0.00,"(kansas city animation studios, next thought studios)"
izonemedia360,$0.00,0,2,0.00,(izonemedia360)
elite,$0.00,0,2,0.00,(elite entertainment videography)
photographer,$0.00,0,2,0.00,(video photographer)
inc,$0.00,0,2,0.00,"(media velocity inc, vision global media group inc)"
production companies,$0.00,0,2,0.00,"(production companies near me, video production companies in kansas city)"
thought,$0.00,0,1,0.00,(next thought studios)
visual,$0.00,0,1,0.00,(concept audio visual)
dynamic,$0.00,0,1,0.00,(dynamic productions)
jar,$0.00,0,1,0.00,(jar entertainment)
group,$0.00,0,1,0.00,(vision global media group inc)
mo,$0.00,0,1,0.00,(videographer springfield mo)
il,$23.48,1,1,0.00,(program productions lombard il)
in,$0.00,0,1,0.00,(video production companies in kansas city)
adl,$0.00,0,1,0.00,(adl productions)
omni,$0.00,0,1,0.00,(omni media)
andrew,$0.00,0,1,0.00,(st andrew productions)
animation,$1.25,1,1,0.00,(kansas city animation studios)
vision,$0.00,0,1,0.00,(vision global media group inc)
dream,$0.00,0,1,0.00,(dream team marketing)
treeline,$0.00,0,1,0.00,(treeline productions)
producer,$0.00,0,1,0.00,(youtube video producer)
springfield,$0.00,0,1,0.00,(videographer springfield mo)
next,$0.00,0,1,0.00,(next thought studios)
youtube,$0.00,0,1,0.00,(youtube video producer)
lombard,$23.48,1,1,0.00,(program productions lombard il)
starium,$0.00,0,1,0.00,(starium marketing services)
concept,$0.00,0,1,0.00,(concept audio visual)
global,$0.00,0,1,0.00,(vision global media group inc)
audio,$0.00,0,1,0.00,(concept audio visual)
flip,$0.00,0,1,0.00,(flip media)
st,$0.00,0,1,0.00,(st andrew productions)
asia,$0.00,0,1,0.00,(asia productions)
black,$0.00,0,1,0.00,(black videographers near me)
team,$0.00,0,1,0.00,(dream team marketing)
velocity,$0.00,0,1,0.00,(media velocity inc)
peak,$0.00,0,1,0.00,(peak media)
services,$0.00,0,1,0.00,(starium marketing services)
onset,$0.00,0,1,0.00,(onset productions)
videographers,$0.00,0,1,0.00,(black videographers near me)
