Advertiser Name,Impression share,Impression share (Comparison),Outranking share,Outranking share (Comparison),Overlap rate,Overlap rate (Comparison),Top of page rate,Top of page rate (Comparison),Position above rate,Position above rate (Comparison)
You,10.59%,10.59%,No data,No data,No data,No data,100.00%,100.00%,No data,No data
quickenfilms.com,< 10%,< 10%,10.59%,10.59%,0.00%,0.00%,100.00%,100.00%,0.00%,0.00%
lemonlight.com,< 10%,< 10%,10.59%,10.59%,0.00%,0.00%,100.00%,100.00%,0.00%,0.00%
cvpproductions.com,< 10%,< 10%,10.59%,10.59%,11.11%,11.11%,87.50%,87.50%,0.00%,0.00%
