Advertiser Name,Impression share,Impression share (Comparison),Outranking share,Outranking share (Comparison),Overlap rate,Overlap rate (Comparison),Top of page rate,Top of page rate (Comparison),Position above rate,Position above rate (Comparison)
You,18.18%,18.18%,No data,No data,No data,No data,50.00%,50.00%,No data,No data
primeauforensics.com,< 10%,< 10%,15.91%,15.91%,37.50%,37.50%,66.67%,66.67%,33.33%,33.33%
ifocusmarketing.com,11.36%,11.36%,15.91%,15.91%,12.50%,12.50%,100.00%,100.00%,100.00%,100.00%
livewirenow.com,< 10%,< 10%,15.91%,15.91%,37.50%,37.50%,100.00%,100.00%,33.33%,33.33%
bark.com,13.64%,13.64%,15.91%,15.91%,50.00%,50.00%,50.00%,50.00%,25.00%,25.00%
podcastmonkey.co,< 10%,< 10%,15.91%,15.91%,37.50%,37.50%,100.00%,100.00%,33.33%,33.33%
