Advertiser Name,Impression share,Impression share (Comparison),Outranking share,Outranking share (Comparison),Overlap rate,Overlap rate (Comparison),Top of page rate,Top of page rate (Comparison),Position above rate,Position above rate (Comparison)
You,< 10%,< 10%,No data,No data,No data,No data,90.00%,90.00%,No data,No data
streamyard.com,< 10%,< 10%,6.96%,6.96%,20.00%,20.00%,100.00%,100.00%,100.00%,100.00%
expansive.media,< 10%,< 10%,8.70%,8.70%,0.00%,0.00%,28.57%,28.57%,0.00%,0.00%
designpickle.com,< 10%,< 10%,8.70%,8.70%,0.00%,0.00%,100.00%,100.00%,0.00%,0.00%
upwork.com,< 10%,< 10%,8.70%,8.70%,0.00%,0.00%,66.67%,66.67%,0.00%,0.00%
