Advertiser Name,Impression share,Impression share (Comparison),Outranking share,Outranking share (Comparison),Overlap rate,Overlap rate (Comparison),Top of page rate,Top of page rate (Comparison),Position above rate,Position above rate (Comparison)
You,10.27%,10.27%,No data,No data,No data,No data,65.22%,65.22%,No data,No data
cvpproductions.com,< 10%,< 10%,9.82%,9.82%,8.70%,8.70%,100.00%,100.00%,50.00%,50.00%
designpickle.com,< 10%,< 10%,10.27%,10.27%,0.00%,0.00%,86.67%,86.67%,0.00%,0.00%
upwork.com,< 10%,< 10%,10.27%,10.27%,4.35%,4.35%,91.67%,91.67%,0.00%,0.00%
