Word,Cost,Clicks,Impressions,Conversions,Top Containing Queries
production,$33.90,2,5,0.00,"(media production, kansas city film production companies, outpost production)"
kansas city,$0.00,0,5,0.00,"(image 360 kansas city, kansas city drone photography, kansas city film production companies)"
media,$33.90,2,2,0.00,(media production)
image,$0.00,0,1,0.00,(image 360 kansas city)
videos,$0.00,0,1,0.00,(corporate videos)
film,$0.00,0,1,0.00,(kansas city film production companies)
video,$0.00,0,1,0.00,(video production kansas city)
360,$0.00,0,1,0.00,(image 360 kansas city)
premiere,$0.00,0,1,0.00,(premiere marketing inc)
drone,$0.00,0,1,0.00,(kansas city drone photography)
we,$0.00,0,1,0.00,(we vi)
marketing,$0.00,0,1,0.00,(premiere marketing inc)
companies,$0.00,0,1,0.00,(kansas city film production companies)
vi,$0.00,0,1,0.00,(we vi)
corporate,$0.00,0,1,0.00,(corporate videos)
videographer,$0.00,0,1,0.00,(videographer kansas city)
pyramid,$0.00,0,1,0.00,(pyramid productions)
productions,$0.00,0,1,0.00,(pyramid productions)
photography,$0.00,0,1,0.00,(kansas city drone photography)
outpost,$0.00,0,1,0.00,(outpost production)
inc,$0.00,0,1,0.00,(premiere marketing inc)
