Advertiser Name,Impression share,Impression share (Comparison),Outranking share,Outranking share (Comparison),Overlap rate,Overlap rate (Comparison),Top of page rate,Top of page rate (Comparison),Position above rate,Position above rate (Comparison)
You,< 10%,< 10%,No data,No data,No data,No data,72.73%,72.73%,No data,No data
quickenfilms.com,< 10%,< 10%,5.71%,5.71%,9.09%,9.09%,100.00%,100.00%,100.00%,100.00%
cvpproductions.com,< 10%,< 10%,6.29%,6.29%,0.00%,0.00%,100.00%,100.00%,0.00%,0.00%
nativedigital.com,< 10%,< 10%,6.29%,6.29%,9.09%,9.09%,100.00%,100.00%,0.00%,0.00%
strategynewmedia.com,< 10%,< 10%,5.71%,5.71%,18.18%,18.18%,100.00%,100.00%,50.00%,50.00%
ifocusmarketing.com,< 10%,< 10%,5.14%,5.14%,18.18%,18.18%,100.00%,100.00%,100.00%,100.00%
