Word,Cost,Clicks,Impressions,Conversions,Top Containing Queries
productions,$0.00,0,3,0.00,"(151 productions, big fish productions, style productions)"
near me,$13.01,1,2,0.00,"(marketing companies near me, video production company near me)"
media,$0.00,0,2,0.00,"(pixelogic media, westport media collective)"
big,$0.00,0,1,0.00,(big fish productions)
agency,$0.00,0,1,0.00,(the chaimov agency)
city,$0.00,0,1,0.00,(kansas city audio visual kcav)
production,$0.00,0,1,0.00,(video production company near me)
westport,$0.00,0,1,0.00,(westport media collective)
video,$0.00,0,1,0.00,(video production company near me)
kansas,$0.00,0,1,0.00,(kansas city audio visual kcav)
151,$0.00,0,1,0.00,(151 productions)
chaimov,$0.00,0,1,0.00,(the chaimov agency)
pixelogic,$0.00,0,1,0.00,(pixelogic media)
the,$0.00,0,1,0.00,(the chaimov agency)
marketing,$13.01,1,1,0.00,(marketing companies near me)
companies,$13.01,1,1,0.00,(marketing companies near me)
fish,$0.00,0,1,0.00,(big fish productions)
visual,$0.00,0,1,0.00,(kansas city audio visual kcav)
style,$0.00,0,1,0.00,(style productions)
company,$0.00,0,1,0.00,(video production company near me)
audio,$0.00,0,1,0.00,(kansas city audio visual kcav)
collective,$0.00,0,1,0.00,(westport media collective)
kcav,$0.00,0,1,0.00,(kansas city audio visual kcav)
