Search,Cost,Clicks,Impressions,Conversions
freelance video editor rates,$2.28,1,2,0.00
music video production near me,$7.89,1,2,0.00
streaming media,$0.00,0,2,0.00
video marketing agency near me,$0.00,0,2,0.00
allovermedia,$0.00,0,1,0.00
camera crew near me,$0.00,0,1,0.00
kansas city film production companies,$0.00,0,1,0.00
live video,$0.00,0,1,0.00
magic video production,$0.00,0,1,0.00
purpose productions,$0.00,0,1,0.00
raw dawg productions,$0.00,0,1,0.00
video content creators,$0.00,0,1,0.00
yeson animation studios,$0.00,0,1,0.00
