Word,Cost,Clicks,Impressions,Conversions,Top Containing Queries
video,$10.17,2,9,0.00,"(freelance video editor rates, music video production near me, video marketing agency near me)"
near me,$7.89,1,5,0.00,"(music video production near me, video marketing agency near me, camera crew near me)"
production,$7.89,1,4,0.00,"(music video production near me, kansas city film production companies, magic video production)"
media,$0.00,0,2,0.00,(streaming media)
streaming,$0.00,0,2,0.00,(streaming media)
music,$7.89,1,2,0.00,(music video production near me)
freelance,$2.28,1,2,0.00,(freelance video editor rates)
editor,$2.28,1,2,0.00,(freelance video editor rates)
agency,$0.00,0,2,0.00,(video marketing agency near me)
rates,$2.28,1,2,0.00,(freelance video editor rates)
marketing,$0.00,0,2,0.00,(video marketing agency near me)
productions,$0.00,0,2,0.00,"(purpose productions, raw dawg productions)"
magic,$0.00,0,1,0.00,(magic video production)
allovermedia,$0.00,0,1,0.00,(allovermedia)
city,$0.00,0,1,0.00,(kansas city film production companies)
purpose,$0.00,0,1,0.00,(purpose productions)
creators,$0.00,0,1,0.00,(video content creators)
content,$0.00,0,1,0.00,(video content creators)
crew,$0.00,0,1,0.00,(camera crew near me)
companies,$0.00,0,1,0.00,(kansas city film production companies)
camera,$0.00,0,1,0.00,(camera crew near me)
live,$0.00,0,1,0.00,(live video)
yeson,$0.00,0,1,0.00,(yeson animation studios)
dawg,$0.00,0,1,0.00,(raw dawg productions)
studios,$0.00,0,1,0.00,(yeson animation studios)
raw,$0.00,0,1,0.00,(raw dawg productions)
film,$0.00,0,1,0.00,(kansas city film production companies)
kansas,$0.00,0,1,0.00,(kansas city film production companies)
animation,$0.00,0,1,0.00,(yeson animation studios)
