Advertiser Name,Impression share,Impression share (Comparison),Outranking share,Outranking share (Comparison),Overlap rate,Overlap rate (Comparison),Top of page rate,Top of page rate (Comparison),Position above rate,Position above rate (Comparison)
You,18.75%,18.75%,No data,No data,No data,No data,100.00%,100.00%,No data,No data
landajobnow.com,12.50%,12.50%,18.75%,18.75%,33.33%,33.33%,100.00%,100.00%,0.00%,0.00%
prg.com,12.50%,12.50%,12.50%,12.50%,33.33%,33.33%,100.00%,100.00%,100.00%,100.00%
commcreative.com,12.50%,12.50%,18.75%,18.75%,33.33%,33.33%,100.00%,100.00%,0.00%,0.00%
stealthcreative.com,12.50%,12.50%,12.50%,12.50%,33.33%,33.33%,100.00%,100.00%,100.00%,100.00%
digitallagoon.com,12.50%,12.50%,18.75%,18.75%,33.33%,33.33%,0.00%,0.00%,0.00%,0.00%
ifocusmarketing.com,25.00%,25.00%,18.75%,18.75%,0.00%,0.00%,100.00%,100.00%,0.00%,0.00%
studiocenter.com,12.50%,12.50%,18.75%,18.75%,33.33%,33.33%,100.00%,100.00%,0.00%,0.00%
