Word,Cost,Clicks,Impressions,Conversions,Top Containing Queries
production,$11.25,1,7,0.00,"(production companies in kansas city, encore production, izack production)"
city,$0.00,0,6,0.00,"(production companies in kansas city, advertising agency kansas city, avi systems kansas city)"
kansas city,$0.00,0,5,0.00,"(production companies in kansas city, advertising agency kansas city, avi systems kansas city)"
entertainment,$0.00,0,4,0.00,"(topcontent entertainment, elevate entertainment)"
companies,$0.00,0,4,0.00,"(production companies in kansas city, list of television companies, video production companies in kansas city)"
marketing,$0.00,0,4,0.00,"(big ben marketing, magic city marketing, marketing ninja)"
media,$11.25,1,3,0.00,"(jibrizy media, media production business, public media production)"
in kansas,$0.00,0,3,0.00,"(production companies in kansas city, video production companies in kansas city)"
topcontent,$0.00,0,3,0.00,(topcontent entertainment)
video,$0.00,0,2,0.00,"(video production companies in kansas city, video supply)"
productions,$26.86,2,2,0.00,"(evan productions, vista productions)"
com,$0.00,0,1,0.00,(cti com)
magic,$0.00,0,1,0.00,(magic city marketing)
big,$0.00,0,1,0.00,(big ben marketing)
nine,$0.00,0,1,0.00,(prime nine marketing)
ben,$0.00,0,1,0.00,(big ben marketing)
global,$0.00,0,1,0.00,(mmgy global)
advertising,$0.00,0,1,0.00,(advertising agency kansas city)
supply,$0.00,0,1,0.00,(video supply)
public,$11.25,1,1,0.00,(public media production)
avi,$0.00,0,1,0.00,(avi systems kansas city)
systems,$0.00,0,1,0.00,(avi systems kansas city)
of,$0.00,0,1,0.00,(list of television companies)
videographer,$0.00,0,1,0.00,(videographer)
kc,$0.00,0,1,0.00,(kc audio visual)
cti,$0.00,0,1,0.00,(cti com)
visual,$0.00,0,1,0.00,(kc audio visual)
audio,$0.00,0,1,0.00,(kc audio visual)
elevate,$0.00,0,1,0.00,(elevate entertainment)
encore,$0.00,0,1,0.00,(encore production)
prime,$0.00,0,1,0.00,(prime nine marketing)
mmgy,$0.00,0,1,0.00,(mmgy global)
jibrizy,$0.00,0,1,0.00,(jibrizy media)
agency,$0.00,0,1,0.00,(advertising agency kansas city)
business,$0.00,0,1,0.00,(media production business)
television,$0.00,0,1,0.00,(list of television companies)
list,$0.00,0,1,0.00,(list of television companies)
wtads,$0.00,0,1,0.00,(wtads)
evan,$0.00,0,1,0.00,(evan productions)
ninja,$0.00,0,1,0.00,(marketing ninja)
izack,$0.00,0,1,0.00,(izack production)
vista,$26.86,2,1,0.00,(vista productions)
