Search,Cost,Clicks,Impressions,Conversions
topcontent entertainment,$0.00,0,3,0.00
production companies in kansas city,$0.00,0,2,0.00
advertising agency kansas city,$0.00,0,1,0.00
avi systems kansas city,$0.00,0,1,0.00
big ben marketing,$0.00,0,1,0.00
cti com,$0.00,0,1,0.00
elevate entertainment,$0.00,0,1,0.00
encore production,$0.00,0,1,0.00
evan productions,$0.00,0,1,0.00
izack production,$0.00,0,1,0.00
jibrizy media,$0.00,0,1,0.00
kc audio visual,$0.00,0,1,0.00
list of television companies,$0.00,0,1,0.00
magic city marketing,$0.00,0,1,0.00
marketing ninja,$0.00,0,1,0.00
media production business,$0.00,0,1,0.00
mmgy global,$0.00,0,1,0.00
prime nine marketing,$0.00,0,1,0.00
public media production,$11.25,1,1,0.00
video production companies in kansas city,$0.00,0,1,0.00
video supply,$0.00,0,1,0.00
videographer,$0.00,0,1,0.00
vista productions,$26.86,2,1,0.00
wtads,$0.00,0,1,0.00
