Word,Cost,Clicks,Impressions,Conversions,Top Containing Queries
productions,$0.00,0,3,0.00,"(square one media productions, full moon productions kansas city)"
one,$0.00,0,2,0.00,(square one media productions)
maker,$0.00,0,2,0.00,(music video maker near me)
video,$0.00,0,2,0.00,(music video maker near me)
media,$0.00,0,2,0.00,(square one media productions)
square,$0.00,0,2,0.00,(square one media productions)
music,$0.00,0,2,0.00,(music video maker near me)
me,$0.00,0,2,0.00,(music video maker near me)
near,$0.00,0,2,0.00,(music video maker near me)
youtube,$0.00,0,1,0.00,(editing youtube videos)
city,$0.00,0,1,0.00,(full moon productions kansas city)
videos,$0.00,0,1,0.00,(editing youtube videos)
kansas,$0.00,0,1,0.00,(full moon productions kansas city)
editing,$0.00,0,1,0.00,(editing youtube videos)
moon,$0.00,0,1,0.00,(full moon productions kansas city)
full,$0.00,0,1,0.00,(full moon productions kansas city)
