Advertiser Name,Impression share,Impression share (Comparison),Outranking share,Outranking share (Comparison),Overlap rate,Overlap rate (Comparison),Top of page rate,Top of page rate (Comparison),Position above rate,Position above rate (Comparison)
You,< 10%,< 10%,No data,No data,No data,No data,88.89%,88.89%,No data,No data
paddock.com,11.93%,11.93%,8.26%,8.26%,0.00%,0.00%,100.00%,100.00%,0.00%,0.00%
quickenfilms.com,19.27%,19.27%,8.26%,8.26%,0.00%,0.00%,100.00%,100.00%,0.00%,0.00%
cvpproductions.com,11.93%,11.93%,8.26%,8.26%,0.00%,0.00%,100.00%,100.00%,0.00%,0.00%
