Search,Cost,Clicks,Impressions,Conversions
live streaming consultant near me,$0.00,0,3,0.00
streaming technician,$0.00,0,2,0.00
2pm productions,$0.00,0,1,0.00
amply media,$0.00,0,1,0.00
event videographers near me,$0.00,0,1,0.00
film companies,$0.00,0,1,0.00
graphic design kansas city,$0.00,0,1,0.00
jc creative media,$0.00,0,1,0.00
kansas city videographer,$0.00,0,1,0.00
mezzo productions,$0.00,0,1,0.00
motion graphics,$0.00,0,1,0.00
pearson productions,$0.00,0,1,0.00
platinum studios,$0.00,0,1,0.00
producers near me,$0.00,0,1,0.00
scale media inc,$0.00,0,1,0.00
unlimited productions,$0.00,0,1,0.00
video photographer,$0.00,0,1,0.00
videographer,$0.00,0,1,0.00
