Word,Cost,Clicks,Impressions,Conversions,Top Containing Queries
near me,$0.00,0,5,0.00,"(live streaming consultant near me, event videographers near me, producers near me)"
streaming,$0.00,0,5,0.00,"(live streaming consultant near me, streaming technician)"
productions,$0.00,0,4,0.00,"(2pm productions, mezzo productions, pearson productions)"
media,$0.00,0,3,0.00,"(amply media, jc creative media, scale media inc)"
live,$0.00,0,3,0.00,(live streaming consultant near me)
consultant,$0.00,0,3,0.00,(live streaming consultant near me)
videographer,$0.00,0,2,0.00,"(kansas city videographer, videographer)"
technician,$0.00,0,2,0.00,(streaming technician)
kansas city,$0.00,0,2,0.00,"(graphic design kansas city, kansas city videographer)"
scale,$0.00,0,1,0.00,(scale media inc)
graphics,$0.00,0,1,0.00,(motion graphics)
video,$0.00,0,1,0.00,(video photographer)
companies,$0.00,0,1,0.00,(film companies)
platinum,$0.00,0,1,0.00,(platinum studios)
design,$0.00,0,1,0.00,(graphic design kansas city)
photographer,$0.00,0,1,0.00,(video photographer)
amply,$0.00,0,1,0.00,(amply media)
event,$0.00,0,1,0.00,(event videographers near me)
graphic,$0.00,0,1,0.00,(graphic design kansas city)
inc,$0.00,0,1,0.00,(scale media inc)
studios,$0.00,0,1,0.00,(platinum studios)
motion,$0.00,0,1,0.00,(motion graphics)
unlimited,$0.00,0,1,0.00,(unlimited productions)
film,$0.00,0,1,0.00,(film companies)
videographers,$0.00,0,1,0.00,(event videographers near me)
creative,$0.00,0,1,0.00,(jc creative media)
2pm,$0.00,0,1,0.00,(2pm productions)
producers,$0.00,0,1,0.00,(producers near me)
pearson,$0.00,0,1,0.00,(pearson productions)
mezzo,$0.00,0,1,0.00,(mezzo productions)
jc,$0.00,0,1,0.00,(jc creative media)
