Word,Cost,Clicks,Impressions,Conversions,Top Containing Queries
productions,$0.00,0,4,0.00,"(bassett vance productions, la costa productions, mesa productions)"
near me,$0.00,0,3,0.00,"(film commission near me, music video shoot near me, video studios near me)"
video,$0.00,0,3,0.00,"(kansas city video production, music video shoot near me, video studios near me)"
production,$0.00,0,2,0.00,"(kansas city video production, outpost production)"
film commission,$0.00,0,2,0.00,"(film commission, film commission near me)"
outpost,$0.00,0,2,0.00,"(outpost production, outpost worldwide)"
studio,$0.00,0,1,0.00,(spike studio)
streamyard,$0.00,0,1,0.00,(streamyard)
studios,$0.00,0,1,0.00,(video studios near me)
dugacy,$0.00,0,1,0.00,(dugacy media)
city,$0.00,0,1,0.00,(kansas city video production)
vance,$0.00,0,1,0.00,(bassett vance productions)
media,$0.00,0,1,0.00,(dugacy media)
kansas,$0.00,0,1,0.00,(kansas city video production)
summer,$0.00,0,1,0.00,(summer productions)
spike,$0.00,0,1,0.00,(spike studio)
costa,$0.00,0,1,0.00,(la costa productions)
music,$0.00,0,1,0.00,(music video shoot near me)
bassett,$0.00,0,1,0.00,(bassett vance productions)
mesa,$0.00,0,1,0.00,(mesa productions)
la,$0.00,0,1,0.00,(la costa productions)
worldwide,$0.00,0,1,0.00,(outpost worldwide)
shoot,$0.00,0,1,0.00,(music video shoot near me)
