Search,Cost,Clicks,Impressions,Conversions
bassett vance productions,$0.00,0,1,0.00
dugacy media,$0.00,0,1,0.00
film commission,$0.00,0,1,0.00
film commission near me,$0.00,0,1,0.00
kansas city video production,$0.00,0,1,0.00
la costa productions,$0.00,0,1,0.00
mesa productions,$0.00,0,1,0.00
music video shoot near me,$0.00,0,1,0.00
outpost production,$0.00,0,1,0.00
outpost worldwide,$0.00,0,1,0.00
spike studio,$0.00,0,1,0.00
streamyard,$0.00,0,1,0.00
summer productions,$0.00,0,1,0.00
video studios near me,$0.00,0,1,0.00
