Search Keyword,Match type,Criterion Status,Campaign Status,Ad Group Status,Cost,Clicks,Avg. CPC
media production companies,Broad match,Enabled,Enabled,Enabled,$16.73,1,$16.73
video production house,Broad match,Enabled,Enabled,Enabled,$11.58,1,$11.58
video editing services,Broad match,Enabled,Enabled,Enabled,$8.20,2,$4.10
video production,Broad match,Enabled,Enabled,Enabled,$1.89,1,$1.89
webcast streaming,Broad match,Enabled,Enabled,Enabled,$0.77,1,$0.77
video marketing company,Broad match,Enabled,Enabled,Enabled,$0.70,1,$0.70
kc video production,Broad match,Enabled,Enabled,Enabled,$0.00,0,$0.00
video production companies in kansas city,Broad match,Enabled,Enabled,Enabled,$0.00,0,$0.00
video production companies kansas city mo,Broad match,Enabled,Enabled,Enabled,$0.00,0,$0.00
kc video production companies,Broad match,Enabled,Enabled,Enabled,$0.00,0,$0.00
video production companies,Broad match,Enabled,Enabled,Enabled,$0.00,0,$0.00
video production services,Broad match,Enabled,Enabled,Enabled,$0.00,0,$0.00
video filming,Broad match,Enabled,Enabled,Enabled,$0.00,0,$0.00
video services,Broad match,Enabled,Enabled,Enabled,$0.00,0,$0.00
post production,Broad match,Enabled,Enabled,Enabled,$0.00,0,$0.00
studio video,Broad match,Enabled,Enabled,Enabled,$0.00,0,$0.00
video productions,Broad match,Enabled,Enabled,Enabled,$0.00,0,$0.00
video production company,Broad match,Enabled,Enabled,Enabled,$0.00,0,$0.00
film and video production,Broad match,Enabled,Enabled,Enabled,$0.00,0,$0.00
production agencies,Broad match,Enabled,Enabled,Enabled,$0.00,0,$0.00
professional videographer,Broad match,Enabled,Enabled,Enabled,$0.00,0,$0.00
audio video services,Broad match,Enabled,Enabled,Enabled,$0.00,0,$0.00
business video production,Broad match,Enabled,Enabled,Enabled,$0.00,0,$0.00
product video production,Broad match,Enabled,Enabled,Enabled,$0.00,0,$0.00
video production agency,Broad match,Enabled,Enabled,Enabled,$0.00,0,$0.00
dreamworks production,Broad match,Enabled,Enabled,Enabled,$0.00,0,$0.00
media video production,Broad match,Enabled,Enabled,Enabled,$0.00,0,$0.00
full video production,Broad match,Enabled,Enabled,Enabled,$0.00,0,$0.00
content production agency,Broad match,Enabled,Enabled,Enabled,$0.00,0,$0.00
event videographer,Broad match,Enabled,Enabled,Enabled,$0.00,0,$0.00
audio video production services,Broad match,Enabled,Enabled,Enabled,$0.00,0,$0.00
video production company services,Broad match,Enabled,Enabled,Enabled,$0.00,0,$0.00
videographer kansas city,Broad match,Enabled,Enabled,Enabled,$0.00,0,$0.00
video content production company,Broad match,Enabled,Enabled,Enabled,$0.00,0,$0.00
music video services,Broad match,Enabled,Enabled,Enabled,$0.00,0,$0.00
commercial video,Broad match,Enabled,Enabled,Enabled,$0.00,0,$0.00
local video production company,Broad match,Enabled,Enabled,Enabled,$0.00,0,$0.00
video studios,Broad match,Enabled,Enabled,Enabled,$0.00,0,$0.00
professional video production company,Broad match,Enabled,Enabled,Enabled,$0.00,0,$0.00
top video production companies,Broad match,Enabled,Enabled,Enabled,$0.00,0,$0.00
video production companies near me,Broad match,Enabled,Enabled,Enabled,$0.00,0,$0.00
video production company near me,Broad match,Enabled,Enabled,Enabled,$0.00,0,$0.00
video production company website,Broad match,Enabled,Enabled,Enabled,$0.00,0,$0.00
videography editing,Broad match,Enabled,Enabled,Enabled,$0.00,0,$0.00
audio and video companies,Broad match,Enabled,Enabled,Enabled,$0.00,0,$0.00
video production kansas city,Broad match,Enabled,Enabled,Enabled,$0.00,0,$0.00
video videographer,Broad match,Enabled,Enabled,Enabled,$0.00,0,$0.00
audiovisual production services,Broad match,Enabled,Enabled,Enabled,$0.00,0,$0.00
digital video editing company,Broad match,Enabled,Enabled,Enabled,$0.00,0,$0.00
corporate video studio,Broad match,Enabled,Enabled,Enabled,$0.00,0,$0.00
