Word,Cost,Clicks,Impressions,Conversions,Top Containing Queries
media,$16.73,1,10,0.00,"(media companies near me, great plains media, media production)"
companies,$0.00,0,8,0.00,"(media companies near me, horror film production companies, movie production companies near me)"
near me,$0.00,0,7,0.00,"(media companies near me, movie production companies near me)"
production,$0.00,0,4,0.00,"(horror film production companies, kansas city post production, media production)"
kansas city,$0.00,0,4,0.00,"(kansas city post production, prime9 kansas city, talent agent kansas city)"
productions,$11.58,1,4,0.00,"(bill kurtis productions, epic productions, sandollar productions)"
film,$0.00,0,3,0.00,"(film and video editors and camera operators, horror film production companies, midwest film co)"
video,$0.00,0,3,0.00,"(film and video editors and camera operators, looking for a video editor, primal video)"
marketing,$0.00,0,3,0.00,"(abstrakt marketing, fervor marketing, greenwater marketing group)"
group,$0.00,0,2,0.00,"(greenwater marketing group, legacy creative group)"
prime,$0.00,0,2,0.00,(we are prime 9)
9,$0.00,0,2,0.00,(we are prime 9)
we,$0.00,0,2,0.00,(we are prime 9)
are,$0.00,0,2,0.00,(we are prime 9)
live,$0.00,0,2,0.00,"(live streaming services, live videos)"
a,$0.00,0,2,0.00,"(how much does a 1 minute tv commercial cost, looking for a video editor)"
com,$0.00,0,1,0.00,(inventorcasting brightroadprods com)
tv,$0.00,0,1,0.00,(how much does a 1 minute tv commercial cost)
commercial,$0.00,0,1,0.00,(how much does a 1 minute tv commercial cost)
agent,$0.00,0,1,0.00,(talent agent kansas city)
movie,$0.00,0,1,0.00,(movie production companies near me)
weareprime9,$0.00,0,1,0.00,(weareprime9)
videos,$0.00,0,1,0.00,(live videos)
prime9,$0.00,0,1,0.00,(prime9 kansas city)
post,$0.00,0,1,0.00,(kansas city post production)
vml,$0.00,0,1,0.00,(vml kansas city)
talent,$0.00,0,1,0.00,(talent agent kansas city)
titan,$0.00,0,1,0.00,(titan avl)
midwest,$0.00,0,1,0.00,(midwest film co)
toneden,$0.00,0,1,0.00,(toneden)
brightroadprods,$0.00,0,1,0.00,(inventorcasting brightroadprods com)
bill,$0.00,0,1,0.00,(bill kurtis productions)
epic,$0.00,0,1,0.00,(epic productions)
creative,$0.00,0,1,0.00,(legacy creative group)
1,$0.00,0,1,0.00,(how much does a 1 minute tv commercial cost)
izonemedia360,$0.00,0,1,0.00,(izonemedia360)
fervor,$0.00,0,1,0.00,(fervor marketing)
inventorcasting,$0.00,0,1,0.00,(inventorcasting brightroadprods com)
producer,$1.89,1,1,0.00,(youtube producer)
looking,$0.00,0,1,0.00,(looking for a video editor)
mtmn,$0.00,0,1,0.00,(mtmn)
vista,$11.58,1,1,0.00,(vista productions)
much,$0.00,0,1,0.00,(how much does a 1 minute tv commercial cost)
youtube,$1.89,1,1,0.00,(youtube producer)
legacy,$0.00,0,1,0.00,(legacy creative group)
primal,$0.00,0,1,0.00,(primal video)
for,$0.00,0,1,0.00,(looking for a video editor)
svelte,$16.73,1,1,0.00,(svelte media inc)
how,$0.00,0,1,0.00,(how much does a 1 minute tv commercial cost)
streaming,$0.00,0,1,0.00,(live streaming services)
abstrakt,$0.00,0,1,0.00,(abstrakt marketing)
operators,$0.00,0,1,0.00,(film and video editors and camera operators)
greenwater,$0.00,0,1,0.00,(greenwater marketing group)
and,$0.00,0,1,0.00,(film and video editors and camera operators)
does,$0.00,0,1,0.00,(how much does a 1 minute tv commercial cost)
lamar,$0.00,0,1,0.00,(lamar corporate)
ready,$0.00,0,1,0.00,(ready media)
avl,$0.00,0,1,0.00,(titan avl)
plains,$0.00,0,1,0.00,(great plains media)
camera,$0.00,0,1,0.00,(film and video editors and camera operators)
editors,$0.00,0,1,0.00,(film and video editors and camera operators)
inc,$16.73,1,1,0.00,(svelte media inc)
editor,$0.00,0,1,0.00,(looking for a video editor)
horror,$0.00,0,1,0.00,(horror film production companies)
cost,$0.00,0,1,0.00,(how much does a 1 minute tv commercial cost)
kurtis,$0.00,0,1,0.00,(bill kurtis productions)
services,$0.00,0,1,0.00,(live streaming services)
co,$0.00,0,1,0.00,(midwest film co)
sandollar,$0.00,0,1,0.00,(sandollar productions)
great,$0.00,0,1,0.00,(great plains media)
minute,$0.00,0,1,0.00,(how much does a 1 minute tv commercial cost)
corporate,$0.00,0,1,0.00,(lamar corporate)
wongfupro,$0.00,0,1,0.00,(wongfupro)
