Search,Cost,Clicks,Impressions,Conversions
media companies near me,$0.00,0,6,0.00
we are prime 9,$0.00,0,2,0.00
abstrakt marketing,$0.00,0,1,0.00
bill kurtis productions,$0.00,0,1,0.00
epic productions,$0.00,0,1,0.00
fervor marketing,$0.00,0,1,0.00
film and video editors and camera operators,$0.00,0,1,0.00
great plains media,$0.00,0,1,0.00
greenwater marketing group,$0.00,0,1,0.00
horror film production companies,$0.00,0,1,0.00
how much does a 1 minute tv commercial cost,$0.00,0,1,0.00
inventorcasting brightroadprods com,$0.00,0,1,0.00
izonemedia360,$0.00,0,1,0.00
kansas city post production,$0.00,0,1,0.00
lamar corporate,$0.00,0,1,0.00
legacy creative group,$0.00,0,1,0.00
live streaming services,$0.00,0,1,0.00
live videos,$0.00,0,1,0.00
looking for a video editor,$0.00,0,1,0.00
media production,$0.00,0,1,0.00
midwest film co,$0.00,0,1,0.00
movie production companies near me,$0.00,0,1,0.00
mtmn,$0.00,0,1,0.00
primal video,$0.00,0,1,0.00
prime9 kansas city,$0.00,0,1,0.00
ready media,$0.00,0,1,0.00
sandollar productions,$0.00,0,1,0.00
svelte media inc,$16.73,1,1,0.00
talent agent kansas city,$0.00,0,1,0.00
titan avl,$0.00,0,1,0.00
toneden,$0.00,0,1,0.00
vista productions,$11.58,1,1,0.00
vml kansas city,$0.00,0,1,0.00
weareprime9,$0.00,0,1,0.00
wongfupro,$0.00,0,1,0.00
youtube producer,$1.89,1,1,0.00
