Advertiser Name,Impression share,Impression share (Comparison),Outranking share,Outranking share (Comparison),Overlap rate,Overlap rate (Comparison),Top of page rate,Top of page rate (Comparison),Position above rate,Position above rate (Comparison)
You,16.22%,16.22%,No data,No data,No data,No data,91.67%,91.67%,No data,No data
strategynewmedia.com,< 10%,< 10%,14.86%,14.86%,8.33%,8.33%,100.00%,100.00%,100.00%,100.00%
cvpproductions.com,< 10%,< 10%,14.86%,14.86%,8.33%,8.33%,100.00%,100.00%,100.00%,100.00%
avisystems.com,< 10%,< 10%,16.22%,16.22%,0.00%,0.00%,100.00%,100.00%,0.00%,0.00%
marketing360.com,< 10%,< 10%,16.22%,16.22%,8.33%,8.33%,66.67%,66.67%,0.00%,0.00%
