Word,Cost,Clicks,Impressions,Conversions,Top Containing Queries
media,$0.00,0,2,0.00,"(merit street media, square one media)"
com,$0.00,0,1,0.00,(inventorcasting brightroadprods com)
brightroadprods,$0.00,0,1,0.00,(inventorcasting brightroadprods com)
entertainment,$0.00,0,1,0.00,(omni entertainment)
one,$0.00,0,1,0.00,(square one media)
eag,$0.00,0,1,0.00,(eag advertising and marketing)
merit,$0.00,0,1,0.00,(merit street media)
advertising,$0.00,0,1,0.00,(eag advertising and marketing)
omni,$0.00,0,1,0.00,(omni entertainment)
marketing,$0.00,0,1,0.00,(eag advertising and marketing)
square,$0.00,0,1,0.00,(square one media)
and,$0.00,0,1,0.00,(eag advertising and marketing)
street,$0.00,0,1,0.00,(merit street media)
inventorcasting,$0.00,0,1,0.00,(inventorcasting brightroadprods com)
