Advertiser Name,Impression share,Impression share (Comparison),Outranking share,Outranking share (Comparison),Overlap rate,Overlap rate (Comparison),Top of page rate,Top of page rate (Comparison),Position above rate,Position above rate (Comparison)
You,12.50%,12.50%,No data,No data,No data,No data,80.00%,80.00%,No data,No data
catapultcreativemedia.com,< 10%,< 10%,10.00%,10.00%,30.00%,30.00%,100.00%,100.00%,66.67%,66.67%
marketing360.com,< 10%,< 10%,10.00%,10.00%,20.00%,20.00%,80.00%,80.00%,100.00%,100.00%
strategynewmedia.com,10.00%,10.00%,12.50%,12.50%,10.00%,10.00%,87.50%,87.50%,0.00%,0.00%
