Word,Cost,Clicks,Impressions,Conversions,Top Containing Queries
near me,$0.81,1,2,0.00,"(event videographer near me, production services near me)"
marketing,$0.00,0,2,0.00,"(allen marketing, dream team marketing)"
productions,$0.00,0,2,0.00,"(cb productions, jobro productions)"
allen,$0.00,0,1,0.00,(allen marketing)
production,$0.81,1,1,0.00,(production services near me)
weareprime9,$0.00,0,1,0.00,(weareprime9)
team,$0.00,0,1,0.00,(dream team marketing)
services,$0.81,1,1,0.00,(production services near me)
jobro,$0.00,0,1,0.00,(jobro productions)
dream,$0.00,0,1,0.00,(dream team marketing)
videographer,$0.00,0,1,0.00,(event videographer near me)
event,$0.00,0,1,0.00,(event videographer near me)
cb,$0.00,0,1,0.00,(cb productions)
