Word,Cost,Clicks,Impressions,Conversions,Top Containing Queries
production,$0.00,0,2,0.00,(production company)
company,$0.00,0,2,0.00,(production company)
com,$0.00,0,1,0.00,(inventorcasting brightroadprods com)
companies,$0.00,0,1,0.00,(movie companies near me)
brightroadprods,$0.00,0,1,0.00,(inventorcasting brightroadprods com)
movie,$0.00,0,1,0.00,(movie companies near me)
exofilms,$0.00,0,1,0.00,(exofilms)
inventorcasting,$0.00,0,1,0.00,(inventorcasting brightroadprods com)
me,$0.00,0,1,0.00,(movie companies near me)
near,$0.00,0,1,0.00,(movie companies near me)
