Word,Cost,Clicks,Impressions,Conversions,Top Containing Queries
digital,$22.26,2,1,0.00,(film to digital near me)
streamyard,$0.00,0,1,0.00,(streamyard)
editor,$0.00,0,1,0.00,(video editor)
me,$22.26,2,1,0.00,(film to digital near me)
visual,$0.00,0,1,0.00,(encore audio visual)
audio,$0.00,0,1,0.00,(encore audio visual)
film,$22.26,2,1,0.00,(film to digital near me)
to,$22.26,2,1,0.00,(film to digital near me)
near,$22.26,2,1,0.00,(film to digital near me)
video,$0.00,0,1,0.00,(video editor)
encore,$0.00,0,1,0.00,(encore audio visual)
