Word,Cost,Clicks,Impressions,Conversions,Top Containing Queries
streamyard,$0.00,0,2,0.00,(streamyard live)
videography,$0.00,0,2,0.00,(videography shop)
shop,$0.00,0,2,0.00,(videography shop)
productions,$0.00,0,2,0.00,"(bailey productions, bam productions)"
live,$0.00,0,2,0.00,(streamyard live)
city,$0.00,0,1,0.00,(avi systems kansas city)
media,$0.00,0,1,0.00,(skyfox media)
kansas,$0.00,0,1,0.00,(avi systems kansas city)
bam,$0.00,0,1,0.00,(bam productions)
avi,$0.00,0,1,0.00,(avi systems kansas city)
systems,$0.00,0,1,0.00,(avi systems kansas city)
bailey,$0.00,0,1,0.00,(bailey productions)
skyfox,$0.00,0,1,0.00,(skyfox media)
