Word,Cost,Clicks,Impressions,Conversions,Top Containing Queries
media solutions,$0.00,0,3,0.00,"(media solutions company, media solutions inc)"
company,$0.00,0,3,0.00,"(media solutions company, pixar animation company)"
streamyard,$0.00,0,2,0.00,(streamyard)
music,$0.00,0,2,0.00,(music videographer)
videographer,$0.00,0,2,0.00,(music videographer)
productions,$0.00,0,2,0.00,"(o neill productions, oneil productions)"
studio,$0.00,0,1,0.00,(video studio rental)
films,$11.14,1,1,0.00,(films being shot near me)
visuals,$0.00,0,1,0.00,(jt visuals)
oneil,$0.00,0,1,0.00,(oneil productions)
flixier,$0.00,0,1,0.00,(flixier)
jt,$0.00,0,1,0.00,(jt visuals)
being,$11.14,1,1,0.00,(films being shot near me)
pixar,$0.00,0,1,0.00,(pixar animation company)
video,$0.00,0,1,0.00,(video studio rental)
shot,$11.14,1,1,0.00,(films being shot near me)
o,$0.00,0,1,0.00,(o neill productions)
neill,$0.00,0,1,0.00,(o neill productions)
animation,$0.00,0,1,0.00,(pixar animation company)
rental,$0.00,0,1,0.00,(video studio rental)
me,$11.14,1,1,0.00,(films being shot near me)
near,$11.14,1,1,0.00,(films being shot near me)
inc,$0.00,0,1,0.00,(media solutions inc)
