Word,Cost,Clicks,Impressions,Conversions,Top Containing Queries
streamyard,$0.00,0,3,0.00,(streamyard)
kansas city,$0.00,0,2,0.00,"(avi systems kansas city, kansas city drone photography)"
horror,$0.00,0,1,0.00,(horror production studios)
studios,$0.00,0,1,0.00,(horror production studios)
production,$0.00,0,1,0.00,(horror production studios)
real,$0.00,0,1,0.00,(real media kc)
media,$0.00,0,1,0.00,(real media kc)
video,$0.00,0,1,0.00,(video internships near me)
drone,$0.00,0,1,0.00,(kansas city drone photography)
internships,$0.00,0,1,0.00,(video internships near me)
avi,$0.00,0,1,0.00,(avi systems kansas city)
systems,$0.00,0,1,0.00,(avi systems kansas city)
kc,$0.00,0,1,0.00,(real media kc)
me,$0.00,0,1,0.00,(video internships near me)
near,$0.00,0,1,0.00,(video internships near me)
photography,$0.00,0,1,0.00,(kansas city drone photography)
