Advertiser Name,Impression share,Impression share (Comparison),Outranking share,Outranking share (Comparison),Overlap rate,Overlap rate (Comparison),Top of page rate,Top of page rate (Comparison),Position above rate,Position above rate (Comparison)
You,< 10%,< 10%,No data,No data,No data,No data,70.00%,70.00%,No data,No data
upwork.com,< 10%,< 10%,8.62%,8.62%,0.00%,0.00%,85.71%,85.71%,0.00%,0.00%
bark.com,< 10%,< 10%,7.76%,7.76%,10.00%,10.00%,71.43%,71.43%,100.00%,100.00%
cvpproductions.com,< 10%,< 10%,8.62%,8.62%,10.00%,10.00%,100.00%,100.00%,0.00%,0.00%
thumbtack.com,< 10%,< 10%,8.62%,8.62%,0.00%,0.00%,75.00%,75.00%,0.00%,0.00%
