Word,Cost,Clicks,Impressions,Conversions,Top Containing Queries
youtube,$0.00,0,1,0.00,(how to make a youtube live video)
a,$0.00,0,1,0.00,(how to make a youtube live video)
llc,$0.00,0,1,0.00,(multi media llc)
movie,$0.00,0,1,0.00,(movie agency)
agency,$0.00,0,1,0.00,(movie agency)
production,$0.00,0,1,0.00,(podcast production companies)
video,$0.00,0,1,0.00,(how to make a youtube live video)
media,$0.00,0,1,0.00,(multi media llc)
cinematography,$0.00,0,1,0.00,(cinematography agents)
agents,$0.00,0,1,0.00,(cinematography agents)
multi,$0.00,0,1,0.00,(multi media llc)
how,$0.00,0,1,0.00,(how to make a youtube live video)
companies,$0.00,0,1,0.00,(podcast production companies)
greenwood,$0.00,0,1,0.00,(greenwood productions)
podcast,$0.00,0,1,0.00,(podcast production companies)
productions,$0.00,0,1,0.00,(greenwood productions)
to,$0.00,0,1,0.00,(how to make a youtube live video)
make,$0.00,0,1,0.00,(how to make a youtube live video)
live,$0.00,0,1,0.00,(how to make a youtube live video)
