Search,Cost,Clicks,Impressions,Conversions
advertising agency,$0.00,0,2,0.00
mark reisman productions,$0.00,0,2,0.00
media company,$0.00,0,2,0.00
production companies kansas city,$0.00,0,2,0.00
we vi,$0.00,0,2,0.00
best video transfer service near me,$0.00,0,1,0.00
castletown media,$0.00,0,1,0.00
full moon productions kansas city,$0.00,0,1,0.00
infused media,$0.00,0,1,0.00
loud production group,$0.00,0,1,0.00
motion graphics,$0.00,0,1,0.00
movie producer studios,$0.00,0,1,0.00
multimedia studios,$0.00,0,1,0.00
omni creative company,$0.00,0,1,0.00
paradise production,$0.00,0,1,0.00
private productions,$0.00,0,1,0.00
stageport kc,$0.00,0,1,0.00
streamyard pricing,$0.00,0,1,0.00
video mania kansas city,$0.00,0,1,0.00
