Word,Cost,Clicks,Impressions,Conversions,Top Containing Queries
production,$0.00,0,4,0.00,"(production companies kansas city, loud production group, paradise production)"
media,$0.00,0,4,0.00,"(media company, castletown media, infused media)"
kansas city,$0.00,0,4,0.00,"(production companies kansas city, full moon productions kansas city, video mania kansas city)"
productions,$0.00,0,4,0.00,"(mark reisman productions, full moon productions kansas city, private productions)"
company,$0.00,0,3,0.00,"(media company, omni creative company)"
reisman,$0.00,0,2,0.00,(mark reisman productions)
advertising,$0.00,0,2,0.00,(advertising agency)
video,$0.00,0,2,0.00,"(best video transfer service near me, video mania kansas city)"
we,$0.00,0,2,0.00,(we vi)
companies,$0.00,0,2,0.00,(production companies kansas city)
studios,$0.00,0,2,0.00,"(movie producer studios, multimedia studios)"
agency,$0.00,0,2,0.00,(advertising agency)
vi,$0.00,0,2,0.00,(we vi)
mark,$0.00,0,2,0.00,(mark reisman productions)
private,$0.00,0,1,0.00,(private productions)
movie,$0.00,0,1,0.00,(movie producer studios)
best,$0.00,0,1,0.00,(best video transfer service near me)
graphics,$0.00,0,1,0.00,(motion graphics)
castletown,$0.00,0,1,0.00,(castletown media)
me,$0.00,0,1,0.00,(best video transfer service near me)
kc,$0.00,0,1,0.00,(stageport kc)
near,$0.00,0,1,0.00,(best video transfer service near me)
group,$0.00,0,1,0.00,(loud production group)
mania,$0.00,0,1,0.00,(video mania kansas city)
loud,$0.00,0,1,0.00,(loud production group)
streamyard,$0.00,0,1,0.00,(streamyard pricing)
motion,$0.00,0,1,0.00,(motion graphics)
infused,$0.00,0,1,0.00,(infused media)
omni,$0.00,0,1,0.00,(omni creative company)
creative,$0.00,0,1,0.00,(omni creative company)
moon,$0.00,0,1,0.00,(full moon productions kansas city)
multimedia,$0.00,0,1,0.00,(multimedia studios)
transfer,$0.00,0,1,0.00,(best video transfer service near me)
service,$0.00,0,1,0.00,(best video transfer service near me)
stageport,$0.00,0,1,0.00,(stageport kc)
producer,$0.00,0,1,0.00,(movie producer studios)
paradise,$0.00,0,1,0.00,(paradise production)
pricing,$0.00,0,1,0.00,(streamyard pricing)
full,$0.00,0,1,0.00,(full moon productions kansas city)
